user_id,signup_date,plan_type,monthly_fee,churn,churn_date
1,10/16/2024,Basic,14.99,No,
2,4/25/2023,Standard,29.99,No,
3,1/26/2023,Basic,14.99,Yes,5/23/2023
4,10/9/2023,Basic,14.99,Yes,12/31/2024
5,9/8/2023,Premium,49.99,No,
6,8/17/2023,Basic,14.99,Yes,11/12/2023
7,5/23/2023,Standard,29.99,No,
8,4/15/2023,Basic,14.99,No,
9,11/23/2024,Basic,14.99,No,
10,7/12/2024,Basic,14.99,No,
11,3/31/2023,Standard,29.99,Yes,12/31/2024
12,8/27/2024,Basic,14.99,No,
13,3/8/2024,Basic,14.99,Yes,12/31/2024
14,2/2/2023,Standard,29.99,No,
15,1/31/2023,Basic,14.99,Yes,3/9/2023
16,4/6/2023,Basic,14.99,No,
17,8/12/2023,Basic,14.99,No,
18,8/27/2023,Basic,14.99,No,
19,6/1/2024,Standard,29.99,Yes,12/31/2024
20,9/8/2024,Basic,14.99,No,
21,1/28/2023,Standard,29.99,No,
22,7/28/2024,Standard,29.99,No,
23,7/23/2023,Premium,49.99,No,
24,10/27/2024,Standard,29.99,No,
25,12/19/2024,Standard,29.99,No,
26,7/12/2024,Standard,29.99,No,
27,3/5/2024,Basic,14.99,Yes,4/12/2024
28,8/14/2023,Standard,29.99,Yes,1/29/2024
29,4/4/2024,Basic,14.99,No,
30,8/26/2024,Standard,29.99,No,
31,10/12/2023,Premium,49.99,No,
32,1/7/2023,Premium,49.99,No,
33,6/13/2023,Basic,14.99,Yes,9/12/2023
34,12/15/2024,Basic,14.99,No,
35,3/8/2024,Standard,29.99,No,
36,12/15/2023,Standard,29.99,Yes,6/16/2024
37,10/12/2023,Standard,29.99,No,
38,6/9/2023,Standard,29.99,No,
39,8/9/2023,Basic,14.99,Yes,11/9/2023
40,12/11/2023,Premium,49.99,No,
41,4/15/2023,Standard,29.99,No,
42,4/5/2023,Basic,14.99,No,
43,1/25/2024,Standard,29.99,Yes,12/31/2024
44,4/10/2023,Basic,14.99,No,
45,1/3/2024,Premium,49.99,No,
46,12/19/2023,Premium,49.99,No,
47,9/10/2024,Basic,14.99,No,
48,9/28/2023,Standard,29.99,No,
49,2/14/2023,Premium,49.99,No,
50,4/15/2024,Basic,14.99,Yes,12/31/2024
51,7/3/2024,Basic,14.99,No,
52,5/8/2023,Basic,14.99,Yes,8/4/2023
53,1/23/2024,Basic,14.99,No,
54,3/22/2023,Standard,29.99,No,
55,7/19/2024,Premium,49.99,No,
56,10/28/2023,Basic,14.99,No,
57,10/5/2024,Basic,14.99,No,
58,9/25/2024,Basic,14.99,No,
59,1/6/2024,Standard,29.99,Yes,6/12/2024
60,8/14/2024,Basic,14.99,Yes,12/31/2024
61,7/16/2023,Standard,29.99,Yes,1/6/2024
62,12/22/2024,Standard,29.99,No,
63,3/13/2023,Standard,29.99,No,
64,2/16/2023,Standard,29.99,Yes,12/16/2023
65,11/8/2024,Standard,29.99,No,
66,8/22/2023,Premium,49.99,No,
67,10/24/2023,Basic,14.99,No,
68,3/23/2023,Premium,49.99,No,
69,8/27/2023,Basic,14.99,No,
70,4/14/2023,Basic,14.99,No,
71,1/25/2024,Premium,49.99,No,
72,10/12/2023,Standard,29.99,Yes,12/31/2024
73,4/9/2024,Basic,14.99,No,
74,10/12/2024,Premium,49.99,No,
75,1/9/2024,Standard,29.99,Yes,6/26/2024
76,6/16/2023,Standard,29.99,No,
77,1/15/2024,Basic,14.99,No,
78,12/30/2023,Standard,29.99,No,
79,8/3/2023,Premium,49.99,No,
80,11/17/2024,Premium,49.99,No,
81,10/1/2023,Premium,49.99,No,
82,12/19/2024,Standard,29.99,No,
83,11/30/2024,Basic,14.99,No,
84,10/25/2024,Premium,49.99,No,
85,3/15/2023,Basic,14.99,No,
86,9/15/2024,Basic,14.99,No,
87,10/12/2024,Basic,14.99,Yes,12/31/2024
88,6/25/2023,Standard,29.99,No,
89,6/30/2024,Standard,29.99,No,
90,9/8/2023,Basic,14.99,No,
91,6/17/2023,Basic,14.99,Yes,12/12/2024
92,4/18/2024,Standard,29.99,No,
93,1/24/2024,Basic,14.99,No,
94,10/4/2023,Standard,29.99,No,
95,10/17/2024,Premium,49.99,Yes,12/31/2024
96,12/5/2024,Basic,14.99,No,
97,7/24/2024,Basic,14.99,No,
98,8/13/2023,Premium,49.99,No,
99,12/2/2024,Basic,14.99,Yes,12/31/2024
100,11/29/2023,Standard,29.99,No,
101,2/27/2023,Premium,49.99,Yes,6/3/2023
102,8/23/2023,Basic,14.99,No,
103,2/2/2023,Premium,49.99,No,
104,11/20/2023,Standard,29.99,Yes,10/19/2024
105,2/15/2024,Basic,14.99,No,
106,10/2/2023,Premium,49.99,Yes,5/7/2024
107,3/9/2023,Basic,14.99,No,
108,8/5/2023,Premium,49.99,No,
109,8/3/2024,Premium,49.99,No,
110,11/19/2023,Standard,29.99,No,
111,8/6/2023,Standard,29.99,No,
112,11/2/2024,Standard,29.99,No,
113,5/26/2024,Basic,14.99,No,
114,2/10/2024,Basic,14.99,No,
115,10/20/2024,Basic,14.99,No,
116,4/14/2024,Standard,29.99,No,
117,5/27/2023,Standard,29.99,Yes,9/3/2023
118,9/29/2023,Basic,14.99,No,
119,5/23/2023,Basic,14.99,No,
120,9/10/2023,Basic,14.99,No,
121,7/28/2024,Standard,29.99,No,
122,7/5/2024,Basic,14.99,No,
123,9/27/2023,Standard,29.99,Yes,2/17/2024
124,8/21/2024,Standard,29.99,No,
125,3/14/2024,Standard,29.99,No,
126,8/20/2024,Basic,14.99,Yes,12/31/2024
127,2/13/2024,Basic,14.99,No,
128,1/6/2024,Standard,29.99,Yes,10/7/2024
129,8/13/2023,Standard,29.99,No,
130,5/22/2023,Standard,29.99,No,
131,6/5/2024,Premium,49.99,No,
132,5/20/2024,Standard,29.99,No,
133,4/4/2023,Basic,14.99,Yes,7/28/2023
134,2/18/2023,Basic,14.99,Yes,6/21/2023
135,4/23/2023,Premium,49.99,No,
136,6/6/2023,Standard,29.99,Yes,9/16/2024
137,10/4/2024,Standard,29.99,No,
138,6/13/2023,Basic,14.99,No,
139,11/27/2024,Premium,49.99,No,
140,3/8/2024,Basic,14.99,No,
141,9/2/2024,Standard,29.99,No,
142,3/7/2023,Standard,29.99,No,
143,1/30/2024,Premium,49.99,No,
144,1/26/2024,Premium,49.99,No,
145,9/2/2024,Premium,49.99,No,
146,4/24/2024,Standard,29.99,Yes,12/31/2024
147,6/25/2024,Premium,49.99,No,
148,9/15/2023,Premium,49.99,No,
149,7/20/2024,Basic,14.99,Yes,12/26/2024
150,1/12/2023,Basic,14.99,No,
151,11/27/2024,Basic,14.99,No,
152,4/28/2023,Basic,14.99,No,
153,11/29/2024,Basic,14.99,No,
154,7/3/2024,Standard,29.99,No,
155,10/1/2023,Basic,14.99,No,
156,10/18/2024,Basic,14.99,No,
157,12/15/2023,Premium,49.99,No,
158,4/25/2023,Basic,14.99,No,
159,10/28/2023,Standard,29.99,No,
160,3/21/2024,Basic,14.99,No,
161,6/11/2023,Standard,29.99,No,
162,4/9/2024,Standard,29.99,Yes,12/31/2024
163,1/4/2023,Standard,29.99,Yes,9/2/2023
164,9/27/2023,Standard,29.99,No,
165,5/27/2024,Basic,14.99,Yes,11/19/2024
166,7/2/2023,Basic,14.99,No,
167,6/3/2024,Premium,49.99,No,
168,4/19/2023,Standard,29.99,No,
169,10/2/2024,Basic,14.99,No,
170,11/2/2023,Basic,14.99,No,
171,10/16/2024,Standard,29.99,No,
172,6/3/2024,Standard,29.99,Yes,12/31/2024
173,9/15/2024,Standard,29.99,No,
174,7/23/2023,Premium,49.99,No,
175,6/6/2023,Basic,14.99,Yes,12/31/2024
176,1/18/2024,Premium,49.99,No,
177,6/15/2023,Basic,14.99,Yes,8/10/2023
178,7/6/2024,Standard,29.99,Yes,10/26/2024
179,6/27/2024,Standard,29.99,No,
180,1/1/2023,Premium,49.99,Yes,4/25/2024
181,9/5/2024,Standard,29.99,No,
182,11/28/2023,Basic,14.99,No,
183,5/15/2024,Standard,29.99,No,
184,1/20/2023,Premium,49.99,Yes,2/23/2024
185,4/25/2023,Standard,29.99,No,
186,1/7/2024,Standard,29.99,No,
187,11/11/2023,Standard,29.99,No,
188,9/3/2023,Basic,14.99,No,
189,3/1/2023,Standard,29.99,Yes,12/22/2023
190,9/4/2023,Premium,49.99,Yes,7/28/2024
191,8/3/2024,Basic,14.99,No,
192,3/22/2023,Premium,49.99,No,
193,3/29/2023,Standard,29.99,Yes,6/15/2023
194,5/12/2024,Standard,29.99,No,
195,3/12/2023,Standard,29.99,No,
196,6/29/2024,Premium,49.99,Yes,8/13/2024
197,5/9/2023,Premium,49.99,No,
198,5/12/2023,Standard,29.99,No,
199,11/6/2024,Basic,14.99,No,
200,5/1/2024,Basic,14.99,No,
201,7/16/2024,Basic,14.99,No,
202,6/19/2023,Premium,49.99,No,
203,9/29/2023,Standard,29.99,No,
204,6/24/2024,Premium,49.99,No,
205,9/13/2024,Basic,14.99,No,
206,3/9/2024,Premium,49.99,No,
207,8/5/2023,Standard,29.99,No,
208,7/6/2024,Basic,14.99,No,
209,12/7/2024,Premium,49.99,Yes,12/31/2024
210,7/25/2023,Standard,29.99,No,
211,11/16/2023,Premium,49.99,No,
212,2/13/2024,Standard,29.99,No,
213,11/18/2024,Premium,49.99,No,
214,10/27/2024,Basic,14.99,Yes,12/31/2024
215,1/18/2024,Basic,14.99,No,
216,3/24/2024,Premium,49.99,No,
217,6/13/2024,Premium,49.99,No,
218,4/7/2024,Standard,29.99,No,
219,5/4/2023,Premium,49.99,Yes,10/31/2023
220,9/11/2023,Premium,49.99,No,
221,8/19/2023,Basic,14.99,No,
222,3/7/2023,Standard,29.99,No,
223,12/13/2023,Basic,14.99,No,
224,1/22/2023,Standard,29.99,No,
225,8/25/2024,Standard,29.99,No,
226,7/21/2024,Standard,29.99,No,
227,8/24/2023,Premium,49.99,No,
228,8/25/2024,Basic,14.99,Yes,12/31/2024
229,8/14/2023,Basic,14.99,Yes,10/20/2023
230,1/8/2023,Standard,29.99,No,
231,3/14/2023,Standard,29.99,Yes,5/15/2024
232,12/25/2024,Standard,29.99,No,
233,10/8/2024,Basic,14.99,No,
234,3/2/2023,Premium,49.99,No,
235,8/23/2023,Basic,14.99,No,
236,3/11/2023,Standard,29.99,No,
237,2/2/2023,Standard,29.99,No,
238,12/5/2023,Standard,29.99,No,
239,3/14/2023,Standard,29.99,Yes,7/1/2023
240,6/10/2024,Basic,14.99,Yes,12/31/2024
241,9/1/2023,Standard,29.99,No,
242,10/13/2023,Premium,49.99,No,
243,11/16/2024,Premium,49.99,No,
244,5/12/2024,Basic,14.99,No,
245,8/8/2023,Basic,14.99,No,
246,7/6/2024,Basic,14.99,No,
247,5/16/2023,Standard,29.99,No,
248,8/7/2024,Premium,49.99,Yes,11/17/2024
249,8/13/2024,Basic,14.99,No,
250,4/29/2024,Standard,29.99,No,
251,9/6/2023,Basic,14.99,No,
252,4/29/2024,Basic,14.99,No,
253,2/21/2024,Basic,14.99,No,
254,7/14/2023,Premium,49.99,No,
255,4/7/2023,Premium,49.99,Yes,12/20/2023
256,4/10/2023,Standard,29.99,No,
257,11/5/2024,Basic,14.99,No,
258,3/17/2024,Standard,29.99,No,
259,12/29/2023,Standard,29.99,No,
260,3/9/2024,Basic,14.99,No,
261,2/25/2024,Standard,29.99,Yes,4/22/2024
262,4/23/2024,Basic,14.99,No,
263,2/25/2023,Basic,14.99,No,
264,11/20/2024,Basic,14.99,No,
265,10/31/2024,Standard,29.99,No,
266,10/23/2024,Standard,29.99,No,
267,4/11/2023,Basic,14.99,No,
268,3/4/2023,Standard,29.99,No,
269,2/17/2024,Basic,14.99,Yes,3/23/2024
270,12/14/2023,Premium,49.99,No,
271,4/22/2023,Basic,14.99,No,
272,9/12/2023,Basic,14.99,No,
273,7/16/2023,Basic,14.99,Yes,12/4/2023
274,7/14/2023,Basic,14.99,Yes,11/15/2023
275,7/3/2024,Basic,14.99,No,
276,4/4/2024,Basic,14.99,Yes,12/31/2024
277,5/24/2023,Premium,49.99,No,
278,3/8/2024,Premium,49.99,Yes,12/31/2024
279,7/7/2023,Standard,29.99,No,
280,10/13/2023,Standard,29.99,No,
281,4/18/2024,Standard,29.99,No,
282,9/13/2023,Basic,14.99,No,
283,3/19/2023,Standard,29.99,Yes,2/1/2024
284,3/29/2024,Basic,14.99,No,
285,7/17/2024,Basic,14.99,No,
286,4/11/2023,Basic,14.99,No,
287,2/21/2023,Standard,29.99,Yes,4/1/2023
288,10/29/2024,Standard,29.99,No,
289,7/7/2024,Basic,14.99,No,
290,1/16/2023,Basic,14.99,Yes,2/23/2023
291,4/6/2023,Standard,29.99,No,
292,8/31/2023,Basic,14.99,No,
293,6/20/2023,Premium,49.99,No,
294,2/21/2024,Premium,49.99,Yes,12/31/2024
295,5/12/2024,Basic,14.99,No,
296,5/7/2024,Premium,49.99,No,
297,8/7/2023,Basic,14.99,No,
298,2/15/2024,Premium,49.99,No,
299,3/2/2023,Standard,29.99,No,
300,6/18/2023,Basic,14.99,Yes,4/24/2024
301,1/24/2024,Basic,14.99,No,
302,1/3/2023,Standard,29.99,No,
303,2/4/2024,Standard,29.99,No,
304,9/29/2023,Standard,29.99,No,
305,4/10/2024,Basic,14.99,No,
306,10/20/2023,Basic,14.99,No,
307,3/9/2024,Standard,29.99,Yes,5/16/2024
308,12/14/2024,Basic,14.99,No,
309,7/23/2024,Standard,29.99,No,
310,11/8/2024,Basic,14.99,No,
311,5/13/2024,Standard,29.99,No,
312,6/8/2023,Premium,49.99,No,
313,7/14/2023,Basic,14.99,No,
314,10/31/2023,Basic,14.99,No,
315,8/11/2023,Basic,14.99,No,
316,3/1/2023,Standard,29.99,No,
317,8/16/2024,Basic,14.99,No,
318,7/9/2024,Basic,14.99,No,
319,3/4/2023,Basic,14.99,No,
320,11/18/2023,Standard,29.99,Yes,3/2/2024
321,2/28/2023,Standard,29.99,Yes,6/13/2024
322,2/21/2023,Standard,29.99,No,
323,8/21/2024,Premium,49.99,No,
324,5/3/2024,Basic,14.99,Yes,12/31/2024
325,5/29/2024,Premium,49.99,Yes,12/31/2024
326,6/27/2024,Standard,29.99,Yes,12/31/2024
327,6/11/2023,Basic,14.99,No,
328,2/28/2023,Standard,29.99,Yes,9/7/2024
329,6/4/2024,Basic,14.99,Yes,8/13/2024
330,3/24/2023,Premium,49.99,No,
331,7/10/2023,Basic,14.99,No,
332,3/12/2023,Premium,49.99,Yes,9/12/2024
333,9/1/2024,Standard,29.99,No,
334,3/11/2023,Basic,14.99,No,
335,11/22/2024,Premium,49.99,Yes,12/31/2024
336,8/29/2023,Basic,14.99,No,
337,2/18/2024,Premium,49.99,No,
338,5/3/2023,Standard,29.99,No,
339,8/6/2024,Standard,29.99,Yes,12/31/2024
340,9/10/2023,Basic,14.99,No,
341,8/15/2024,Basic,14.99,No,
342,8/31/2024,Basic,14.99,No,
343,2/10/2023,Standard,29.99,Yes,10/31/2023
344,9/26/2024,Standard,29.99,No,
345,3/25/2023,Premium,49.99,No,
346,3/5/2024,Basic,14.99,No,
347,11/4/2024,Basic,14.99,No,
348,8/20/2024,Basic,14.99,No,
349,8/1/2024,Basic,14.99,No,
350,6/19/2024,Standard,29.99,No,
351,11/20/2023,Premium,49.99,No,
352,9/25/2023,Basic,14.99,No,
353,7/29/2023,Standard,29.99,No,
354,11/16/2024,Standard,29.99,No,
355,11/18/2023,Standard,29.99,Yes,2/10/2024
356,9/2/2023,Premium,49.99,No,
357,9/29/2023,Basic,14.99,No,
358,2/10/2024,Basic,14.99,Yes,7/23/2024
359,5/15/2023,Standard,29.99,Yes,8/24/2023
360,11/18/2024,Basic,14.99,No,
361,10/22/2024,Basic,14.99,No,
362,11/4/2023,Basic,14.99,Yes,2/19/2024
363,4/13/2024,Standard,29.99,No,
364,11/20/2023,Premium,49.99,No,
365,3/16/2023,Basic,14.99,No,
366,1/10/2023,Basic,14.99,Yes,12/6/2023
367,4/14/2024,Premium,49.99,Yes,12/31/2024
368,9/28/2024,Basic,14.99,No,
369,7/30/2024,Premium,49.99,No,
370,4/13/2023,Basic,14.99,No,
371,3/17/2023,Standard,29.99,No,
372,7/4/2024,Standard,29.99,No,
373,8/7/2023,Standard,29.99,No,
374,6/2/2024,Basic,14.99,No,
375,9/29/2023,Standard,29.99,Yes,5/24/2024
376,5/16/2023,Premium,49.99,No,
377,12/24/2023,Basic,14.99,Yes,3/2/2024
378,3/12/2023,Standard,29.99,No,
379,9/8/2023,Basic,14.99,No,
380,1/14/2024,Basic,14.99,Yes,9/24/2024
381,10/19/2023,Premium,49.99,No,
382,6/11/2023,Premium,49.99,No,
383,3/24/2024,Basic,14.99,No,
384,7/10/2024,Standard,29.99,No,
385,12/21/2024,Basic,14.99,Yes,12/31/2024
386,11/6/2023,Premium,49.99,No,
387,9/18/2024,Standard,29.99,No,
388,10/31/2024,Basic,14.99,No,
389,6/25/2024,Basic,14.99,No,
390,1/9/2023,Standard,29.99,Yes,5/25/2023
391,11/14/2024,Basic,14.99,Yes,12/31/2024
392,7/21/2024,Basic,14.99,No,
393,11/3/2023,Basic,14.99,No,
394,11/10/2024,Basic,14.99,No,
395,4/17/2023,Standard,29.99,No,
396,5/18/2023,Premium,49.99,No,
397,9/28/2023,Basic,14.99,Yes,1/16/2024
398,4/29/2023,Standard,29.99,No,
399,4/20/2023,Basic,14.99,No,
400,7/20/2024,Basic,14.99,Yes,12/31/2024
401,6/9/2023,Standard,29.99,No,
402,10/6/2023,Standard,29.99,Yes,2/20/2024
403,10/16/2023,Standard,29.99,No,
404,9/11/2024,Standard,29.99,No,
405,8/4/2023,Basic,14.99,No,
406,12/18/2023,Basic,14.99,No,
407,7/28/2023,Basic,14.99,Yes,8/26/2024
408,12/4/2024,Standard,29.99,No,
409,10/11/2024,Standard,29.99,No,
410,9/28/2023,Standard,29.99,No,
411,6/1/2024,Premium,49.99,No,
412,5/15/2024,Standard,29.99,Yes,12/31/2024
413,9/15/2023,Standard,29.99,No,
414,2/22/2023,Basic,14.99,No,
415,4/5/2023,Premium,49.99,Yes,2/15/2024
416,10/11/2024,Basic,14.99,Yes,12/31/2024
417,3/9/2024,Standard,29.99,No,
418,10/11/2023,Premium,49.99,No,
419,2/15/2023,Premium,49.99,Yes,2/17/2024
420,1/4/2023,Standard,29.99,No,
421,12/8/2023,Standard,29.99,No,
422,5/14/2023,Basic,14.99,No,
423,10/14/2024,Premium,49.99,No,
424,9/26/2023,Standard,29.99,No,
425,6/15/2023,Standard,29.99,No,
426,3/28/2024,Premium,49.99,No,
427,7/18/2024,Standard,29.99,No,
428,12/23/2024,Basic,14.99,Yes,12/31/2024
429,3/13/2024,Standard,29.99,No,
430,7/28/2024,Basic,14.99,No,
431,1/10/2023,Basic,14.99,No,
432,4/25/2023,Standard,29.99,No,
433,3/19/2023,Premium,49.99,No,
434,12/8/2024,Basic,14.99,No,
435,6/2/2023,Standard,29.99,Yes,11/20/2023
436,7/12/2024,Basic,14.99,No,
437,2/6/2023,Standard,29.99,No,
438,1/14/2024,Basic,14.99,No,
439,8/19/2024,Basic,14.99,Yes,12/31/2024
440,7/19/2024,Premium,49.99,No,
441,6/1/2023,Basic,14.99,No,
442,3/16/2024,Premium,49.99,No,
443,5/11/2023,Standard,29.99,No,
444,2/12/2023,Premium,49.99,No,
445,11/12/2023,Basic,14.99,No,
446,1/9/2024,Premium,49.99,Yes,12/31/2024
447,2/10/2023,Basic,14.99,Yes,3/14/2023
448,1/2/2024,Premium,49.99,No,
449,8/4/2023,Standard,29.99,Yes,2/19/2024
450,11/29/2024,Premium,49.99,Yes,12/31/2024
451,9/13/2023,Standard,29.99,Yes,7/8/2024
452,11/13/2024,Standard,29.99,Yes,12/31/2024
453,4/16/2023,Basic,14.99,No,
454,12/29/2023,Basic,14.99,Yes,12/31/2024
455,7/27/2024,Basic,14.99,No,
456,2/21/2024,Premium,49.99,No,
457,9/27/2024,Basic,14.99,No,
458,6/8/2023,Basic,14.99,No,
459,8/31/2023,Basic,14.99,No,
460,6/16/2023,Premium,49.99,Yes,4/4/2024
461,7/1/2023,Standard,29.99,No,
462,2/27/2024,Standard,29.99,No,
463,1/26/2023,Basic,14.99,No,
464,7/3/2023,Standard,29.99,No,
465,12/7/2023,Premium,49.99,No,
466,2/26/2024,Standard,29.99,No,
467,11/16/2024,Premium,49.99,No,
468,9/12/2023,Premium,49.99,No,
469,10/1/2023,Standard,29.99,No,
470,6/13/2023,Standard,29.99,Yes,1/9/2024
471,12/19/2024,Premium,49.99,Yes,12/31/2024
472,4/21/2023,Basic,14.99,No,
473,1/27/2024,Premium,49.99,No,
474,2/9/2023,Basic,14.99,No,
475,4/26/2024,Standard,29.99,No,
476,8/16/2023,Standard,29.99,No,
477,7/24/2023,Standard,29.99,No,
478,4/16/2024,Standard,29.99,Yes,12/31/2024
479,12/25/2023,Premium,49.99,No,
480,11/9/2023,Standard,29.99,No,
481,8/22/2023,Basic,14.99,No,
482,8/17/2023,Standard,29.99,Yes,10/2/2023
483,1/25/2023,Standard,29.99,No,
484,11/6/2024,Standard,29.99,Yes,12/31/2024
485,7/17/2023,Premium,49.99,No,
486,2/13/2024,Basic,14.99,No,
487,12/3/2023,Standard,29.99,No,
488,10/13/2023,Basic,14.99,No,
489,3/13/2023,Basic,14.99,No,
490,10/13/2023,Basic,14.99,Yes,12/10/2023
491,12/26/2023,Premium,49.99,Yes,12/31/2024
492,10/18/2024,Standard,29.99,No,
493,6/5/2024,Basic,14.99,Yes,12/23/2024
494,2/14/2024,Basic,14.99,No,
495,11/26/2024,Premium,49.99,Yes,12/31/2024
496,7/3/2024,Basic,14.99,No,
497,12/6/2023,Basic,14.99,No,
498,1/29/2023,Premium,49.99,No,
499,4/29/2023,Premium,49.99,Yes,7/31/2023
500,9/25/2023,Premium,49.99,No,
501,7/2/2023,Standard,29.99,No,
502,8/17/2024,Standard,29.99,Yes,12/17/2024
503,9/29/2023,Standard,29.99,No,
504,2/9/2023,Premium,49.99,No,
505,4/22/2023,Standard,29.99,Yes,7/20/2023
506,9/2/2024,Premium,49.99,Yes,12/31/2024
507,3/20/2024,Standard,29.99,No,
508,12/20/2023,Basic,14.99,No,
509,11/18/2023,Basic,14.99,Yes,12/31/2024
510,3/22/2024,Basic,14.99,No,
511,9/12/2024,Basic,14.99,No,
512,6/7/2024,Basic,14.99,Yes,10/24/2024
513,4/29/2023,Premium,49.99,No,
514,1/30/2024,Standard,29.99,No,
515,8/13/2024,Premium,49.99,No,
516,7/14/2023,Standard,29.99,No,
517,9/18/2023,Basic,14.99,Yes,12/31/2024
518,2/15/2023,Standard,29.99,No,
519,12/26/2024,Standard,29.99,No,
520,3/22/2024,Basic,14.99,No,
521,1/2/2023,Standard,29.99,Yes,4/18/2023
522,6/16/2024,Basic,14.99,No,
523,7/5/2024,Basic,14.99,No,
524,12/4/2024,Standard,29.99,No,
525,11/17/2024,Basic,14.99,Yes,12/31/2024
526,7/21/2023,Standard,29.99,Yes,12/31/2024
527,1/8/2024,Standard,29.99,No,
528,3/17/2024,Premium,49.99,No,
529,3/13/2023,Standard,29.99,No,
530,11/11/2024,Standard,29.99,No,
531,12/5/2023,Standard,29.99,No,
532,9/30/2024,Standard,29.99,No,
533,11/18/2023,Standard,29.99,Yes,12/31/2023
534,11/10/2024,Basic,14.99,Yes,12/31/2024
535,5/8/2023,Standard,29.99,No,
536,11/4/2023,Basic,14.99,No,
537,6/3/2024,Standard,29.99,No,
538,11/13/2023,Basic,14.99,Yes,5/6/2024
539,11/13/2024,Standard,29.99,No,
540,2/23/2024,Standard,29.99,No,
541,12/1/2023,Basic,14.99,No,
542,2/17/2024,Basic,14.99,No,
543,12/14/2024,Basic,14.99,No,
544,10/30/2023,Basic,14.99,No,
545,7/21/2024,Basic,14.99,No,
546,5/11/2023,Standard,29.99,No,
547,7/16/2023,Standard,29.99,No,
548,3/6/2024,Standard,29.99,No,
549,11/11/2024,Standard,29.99,Yes,12/31/2024
550,1/24/2024,Standard,29.99,No,
551,11/24/2024,Standard,29.99,No,
552,6/28/2023,Basic,14.99,No,
553,9/22/2024,Basic,14.99,No,
554,8/5/2024,Premium,49.99,Yes,12/31/2024
555,11/5/2023,Premium,49.99,Yes,2/20/2024
556,2/20/2024,Standard,29.99,No,
557,7/15/2024,Basic,14.99,No,
558,1/1/2023,Basic,14.99,No,
559,11/8/2023,Standard,29.99,No,
560,10/21/2023,Standard,29.99,Yes,5/15/2024
561,8/4/2023,Basic,14.99,No,
562,3/16/2024,Basic,14.99,No,
563,8/16/2024,Basic,14.99,No,
564,9/13/2024,Standard,29.99,Yes,10/26/2024
565,11/1/2024,Basic,14.99,No,
566,11/26/2023,Standard,29.99,Yes,12/31/2024
567,4/21/2024,Basic,14.99,No,
568,3/28/2024,Basic,14.99,No,
569,3/28/2024,Basic,14.99,No,
570,11/22/2024,Standard,29.99,No,
571,8/7/2023,Basic,14.99,No,
572,6/7/2024,Standard,29.99,No,
573,4/29/2024,Basic,14.99,No,
574,6/23/2023,Basic,14.99,Yes,7/23/2023
575,11/5/2024,Basic,14.99,No,
576,3/28/2023,Premium,49.99,No,
577,10/18/2023,Standard,29.99,Yes,12/29/2023
578,6/11/2024,Basic,14.99,No,
579,11/10/2024,Premium,49.99,No,
580,10/10/2024,Basic,14.99,No,
581,9/26/2024,Basic,14.99,No,
582,12/10/2023,Basic,14.99,Yes,5/11/2024
583,4/6/2023,Standard,29.99,No,
584,8/29/2023,Basic,14.99,No,
585,11/19/2024,Basic,14.99,No,
586,11/14/2023,Basic,14.99,No,
587,8/19/2023,Premium,49.99,No,
588,7/23/2023,Standard,29.99,No,
589,5/31/2023,Standard,29.99,No,
590,1/26/2023,Standard,29.99,Yes,7/25/2023
591,2/17/2023,Basic,14.99,No,
592,9/8/2023,Basic,14.99,No,
593,5/1/2024,Basic,14.99,No,
594,9/17/2024,Premium,49.99,Yes,12/31/2024
595,3/16/2023,Premium,49.99,No,
596,4/11/2024,Standard,29.99,No,
597,2/29/2024,Premium,49.99,No,
598,10/6/2024,Basic,14.99,No,
599,8/12/2024,Premium,49.99,No,
600,7/19/2023,Standard,29.99,No,
601,12/14/2024,Premium,49.99,Yes,12/31/2024
602,1/29/2024,Basic,14.99,No,
603,5/21/2024,Standard,29.99,No,
604,2/14/2024,Basic,14.99,Yes,6/24/2024
605,9/7/2023,Basic,14.99,No,
606,6/1/2023,Standard,29.99,No,
607,11/2/2024,Standard,29.99,No,
608,12/5/2024,Premium,49.99,No,
609,1/6/2023,Standard,29.99,Yes,2/16/2023
610,4/20/2023,Basic,14.99,No,
611,3/11/2024,Basic,14.99,No,
612,8/13/2023,Basic,14.99,No,
613,6/30/2023,Standard,29.99,No,
614,12/13/2024,Standard,29.99,No,
615,6/14/2024,Basic,14.99,No,
616,4/20/2024,Basic,14.99,No,
617,2/21/2023,Standard,29.99,No,
618,7/24/2024,Basic,14.99,No,
619,9/13/2023,Basic,14.99,Yes,12/31/2024
620,5/5/2023,Basic,14.99,No,
621,4/12/2024,Premium,49.99,No,
622,5/17/2023,Basic,14.99,No,
623,4/20/2024,Standard,29.99,No,
624,11/14/2024,Basic,14.99,Yes,12/31/2024
625,6/27/2024,Premium,49.99,No,
626,7/26/2024,Basic,14.99,No,
627,9/1/2024,Standard,29.99,Yes,12/31/2024
628,11/21/2023,Standard,29.99,No,
629,3/29/2024,Standard,29.99,Yes,12/31/2024
630,9/19/2024,Standard,29.99,No,
631,5/31/2024,Premium,49.99,Yes,7/9/2024
632,3/12/2024,Basic,14.99,No,
633,7/15/2024,Premium,49.99,No,
634,4/1/2024,Standard,29.99,No,
635,6/12/2023,Basic,14.99,No,
636,5/1/2024,Premium,49.99,No,
637,4/5/2024,Premium,49.99,No,
638,9/23/2023,Basic,14.99,No,
639,9/11/2023,Basic,14.99,Yes,12/31/2024
640,10/14/2024,Basic,14.99,Yes,11/23/2024
641,10/11/2023,Basic,14.99,No,
642,6/17/2024,Standard,29.99,No,
643,5/11/2024,Premium,49.99,Yes,12/31/2024
644,10/3/2024,Basic,14.99,No,
645,9/2/2023,Basic,14.99,No,
646,10/9/2023,Premium,49.99,No,
647,3/26/2024,Basic,14.99,No,
648,3/21/2023,Standard,29.99,No,
649,10/20/2023,Standard,29.99,No,
650,8/29/2023,Basic,14.99,No,
651,10/6/2023,Basic,14.99,No,
652,12/10/2023,Basic,14.99,No,
653,11/24/2023,Standard,29.99,Yes,12/31/2024
654,7/7/2024,Standard,29.99,No,
655,3/24/2023,Basic,14.99,No,
656,5/22/2023,Basic,14.99,Yes,9/30/2023
657,6/4/2023,Standard,29.99,No,
658,8/25/2023,Standard,29.99,Yes,12/31/2024
659,1/28/2024,Premium,49.99,No,
660,12/11/2024,Standard,29.99,Yes,12/31/2024
661,6/6/2023,Standard,29.99,No,
662,12/24/2024,Standard,29.99,No,
663,8/8/2023,Premium,49.99,Yes,12/19/2023
664,3/7/2023,Basic,14.99,No,
665,2/29/2024,Standard,29.99,Yes,11/18/2024
666,2/22/2024,Standard,29.99,Yes,12/31/2024
667,12/5/2023,Standard,29.99,No,
668,7/9/2024,Basic,14.99,Yes,11/29/2024
669,4/22/2024,Basic,14.99,No,
670,3/1/2024,Basic,14.99,Yes,12/31/2024
671,3/5/2023,Basic,14.99,No,
672,7/31/2023,Premium,49.99,Yes,6/17/2024
673,3/6/2024,Premium,49.99,No,
674,2/3/2024,Basic,14.99,No,
675,8/21/2024,Basic,14.99,No,
676,12/13/2024,Basic,14.99,No,
677,1/21/2023,Premium,49.99,No,
678,8/12/2024,Standard,29.99,No,
679,1/25/2024,Basic,14.99,No,
680,5/3/2024,Basic,14.99,No,
681,1/7/2023,Basic,14.99,No,
682,12/27/2023,Standard,29.99,No,
683,11/2/2023,Basic,14.99,No,
684,2/4/2024,Premium,49.99,No,
685,3/5/2024,Standard,29.99,No,
686,7/5/2024,Basic,14.99,No,
687,7/13/2024,Basic,14.99,Yes,12/25/2024
688,9/9/2024,Standard,29.99,No,
689,8/14/2023,Basic,14.99,Yes,6/16/2024
690,5/14/2024,Basic,14.99,No,
691,8/13/2023,Standard,29.99,No,
692,10/7/2023,Basic,14.99,No,
693,3/22/2024,Basic,14.99,No,
694,5/12/2024,Standard,29.99,Yes,6/20/2024
695,1/30/2023,Basic,14.99,No,
696,2/3/2024,Standard,29.99,No,
697,12/11/2023,Basic,14.99,No,
698,11/15/2024,Basic,14.99,Yes,12/31/2024
699,11/26/2024,Basic,14.99,No,
700,2/19/2024,Basic,14.99,No,
701,6/19/2023,Premium,49.99,No,
702,4/23/2024,Standard,29.99,No,
703,5/11/2023,Standard,29.99,No,
704,9/29/2024,Basic,14.99,Yes,12/31/2024
705,6/30/2024,Basic,14.99,No,
706,1/28/2023,Premium,49.99,No,
707,2/8/2024,Standard,29.99,Yes,12/31/2024
708,8/29/2024,Basic,14.99,No,
709,7/31/2024,Standard,29.99,Yes,12/31/2024
710,11/9/2024,Basic,14.99,No,
711,1/28/2023,Standard,29.99,Yes,7/15/2023
712,3/27/2023,Standard,29.99,No,
713,10/20/2024,Basic,14.99,No,
714,3/14/2024,Basic,14.99,No,
715,5/19/2023,Standard,29.99,No,
716,4/17/2024,Basic,14.99,No,
717,7/6/2023,Standard,29.99,No,
718,2/21/2023,Premium,49.99,No,
719,9/24/2023,Standard,29.99,No,
720,1/24/2024,Standard,29.99,No,
721,12/2/2023,Basic,14.99,No,
722,8/5/2023,Basic,14.99,No,
723,4/10/2024,Standard,29.99,No,
724,12/1/2023,Standard,29.99,No,
725,12/12/2023,Standard,29.99,No,
726,1/24/2024,Basic,14.99,No,
727,10/12/2023,Basic,14.99,No,
728,3/7/2024,Standard,29.99,No,
729,9/16/2023,Basic,14.99,Yes,12/31/2024
730,3/25/2023,Basic,14.99,Yes,6/23/2024
731,4/26/2024,Basic,14.99,No,
732,1/20/2023,Premium,49.99,No,
733,7/6/2024,Premium,49.99,No,
734,2/23/2023,Basic,14.99,No,
735,12/25/2023,Standard,29.99,No,
736,8/18/2023,Basic,14.99,No,
737,10/27/2024,Basic,14.99,No,
738,3/12/2023,Premium,49.99,No,
739,10/29/2024,Basic,14.99,No,
740,2/11/2023,Standard,29.99,Yes,5/19/2023
741,2/1/2023,Standard,29.99,No,
742,9/11/2023,Standard,29.99,Yes,8/4/2024
743,7/24/2023,Basic,14.99,No,
744,1/21/2023,Basic,14.99,No,
745,9/28/2024,Premium,49.99,No,
746,6/6/2023,Standard,29.99,Yes,7/22/2023
747,9/2/2023,Premium,49.99,Yes,11/29/2023
748,5/10/2023,Standard,29.99,No,
749,4/29/2024,Basic,14.99,No,
750,11/16/2024,Premium,49.99,No,
751,4/28/2023,Standard,29.99,Yes,2/23/2024
752,7/31/2024,Premium,49.99,No,
753,8/12/2023,Premium,49.99,No,
754,4/21/2024,Basic,14.99,No,
755,12/17/2024,Standard,29.99,No,
756,9/20/2023,Standard,29.99,No,
757,1/13/2024,Standard,29.99,Yes,12/31/2024
758,6/21/2023,Basic,14.99,No,
759,9/12/2024,Standard,29.99,Yes,12/31/2024
760,9/13/2024,Premium,49.99,Yes,12/31/2024
761,4/28/2023,Basic,14.99,No,
762,6/17/2023,Standard,29.99,No,
763,11/15/2023,Standard,29.99,Yes,1/13/2024
764,4/21/2023,Premium,49.99,No,
765,8/15/2024,Standard,29.99,Yes,12/31/2024
766,1/27/2023,Standard,29.99,No,
767,11/16/2023,Basic,14.99,Yes,12/31/2024
768,8/12/2024,Basic,14.99,No,
769,11/24/2024,Premium,49.99,No,
770,1/20/2024,Standard,29.99,No,
771,2/11/2024,Standard,29.99,No,
772,7/23/2023,Premium,49.99,No,
773,3/19/2023,Premium,49.99,Yes,11/24/2024
774,8/29/2024,Basic,14.99,No,
775,12/8/2024,Basic,14.99,No,
776,10/4/2024,Premium,49.99,No,
777,9/6/2023,Basic,14.99,No,
778,4/15/2023,Standard,29.99,No,
779,12/14/2024,Standard,29.99,No,
780,11/5/2023,Basic,14.99,No,
781,12/1/2024,Basic,14.99,No,
782,9/6/2024,Basic,14.99,No,
783,5/4/2023,Basic,14.99,No,
784,8/2/2024,Standard,29.99,No,
785,2/12/2023,Basic,14.99,No,
786,12/22/2023,Standard,29.99,No,
787,6/29/2024,Standard,29.99,No,
788,3/14/2024,Premium,49.99,No,
789,11/8/2024,Premium,49.99,No,
790,1/15/2024,Basic,14.99,Yes,3/14/2024
791,3/12/2023,Premium,49.99,Yes,9/26/2023
792,6/2/2024,Basic,14.99,Yes,11/24/2024
793,10/25/2024,Basic,14.99,Yes,12/31/2024
794,12/16/2023,Premium,49.99,No,
795,1/13/2023,Standard,29.99,No,
796,3/6/2024,Standard,29.99,No,
797,5/16/2024,Basic,14.99,No,
798,4/19/2023,Premium,49.99,No,
799,3/19/2024,Standard,29.99,No,
800,1/6/2024,Basic,14.99,No,
801,10/12/2024,Basic,14.99,Yes,12/31/2024
802,4/15/2024,Basic,14.99,No,
803,12/25/2024,Basic,14.99,No,
804,6/6/2023,Basic,14.99,No,
805,3/21/2024,Premium,49.99,No,
806,6/30/2023,Basic,14.99,No,
807,6/18/2024,Standard,29.99,No,
808,10/28/2024,Basic,14.99,Yes,12/31/2024
809,10/4/2023,Basic,14.99,Yes,2/18/2024
810,9/22/2024,Basic,14.99,No,
811,7/5/2024,Standard,29.99,No,
812,5/10/2024,Basic,14.99,Yes,10/21/2024
813,4/21/2024,Basic,14.99,No,
814,3/22/2024,Basic,14.99,No,
815,8/29/2024,Standard,29.99,No,
816,10/2/2023,Standard,29.99,Yes,12/4/2024
817,11/27/2023,Standard,29.99,No,
818,9/9/2023,Basic,14.99,No,
819,3/30/2023,Basic,14.99,Yes,4/15/2024
820,10/13/2023,Premium,49.99,No,
821,4/6/2024,Premium,49.99,Yes,12/31/2024
822,9/7/2023,Standard,29.99,No,
823,4/20/2024,Basic,14.99,No,
824,8/6/2024,Basic,14.99,No,
825,9/16/2024,Standard,29.99,No,
826,11/15/2024,Standard,29.99,No,
827,1/24/2024,Basic,14.99,Yes,5/3/2024
828,12/11/2023,Standard,29.99,No,
829,1/30/2023,Premium,49.99,Yes,9/9/2023
830,5/21/2024,Basic,14.99,No,
831,11/29/2023,Standard,29.99,Yes,12/31/2024
832,7/6/2023,Premium,49.99,No,
833,5/14/2024,Standard,29.99,No,
834,8/6/2023,Basic,14.99,No,
835,12/30/2023,Standard,29.99,Yes,12/31/2024
836,9/22/2023,Standard,29.99,Yes,11/10/2023
837,12/15/2023,Standard,29.99,No,
838,10/14/2023,Standard,29.99,Yes,1/30/2024
839,9/2/2024,Premium,49.99,No,
840,12/19/2024,Basic,14.99,No,
841,10/10/2023,Premium,49.99,No,
842,7/23/2024,Basic,14.99,Yes,12/31/2024
843,1/11/2023,Standard,29.99,No,
844,6/13/2024,Basic,14.99,No,
845,7/15/2023,Premium,49.99,No,
846,3/29/2023,Standard,29.99,No,
847,9/5/2023,Basic,14.99,No,
848,2/21/2024,Basic,14.99,No,
849,5/15/2024,Standard,29.99,No,
850,7/22/2024,Standard,29.99,No,
851,9/4/2023,Premium,49.99,No,
852,12/8/2024,Basic,14.99,No,
853,5/2/2024,Standard,29.99,No,
854,10/23/2024,Premium,49.99,No,
855,12/29/2024,Basic,14.99,No,
856,5/17/2024,Basic,14.99,Yes,9/24/2024
857,4/3/2024,Standard,29.99,No,
858,1/18/2023,Basic,14.99,No,
859,4/6/2023,Premium,49.99,No,
860,10/29/2023,Basic,14.99,No,
861,8/15/2023,Basic,14.99,No,
862,2/19/2024,Standard,29.99,Yes,12/31/2024
863,12/9/2024,Basic,14.99,No,
864,9/7/2023,Basic,14.99,Yes,10/31/2023
865,11/10/2023,Basic,14.99,Yes,12/31/2024
866,11/10/2024,Basic,14.99,No,
867,8/18/2024,Basic,14.99,No,
868,1/13/2024,Premium,49.99,Yes,12/31/2024
869,4/29/2024,Standard,29.99,No,
870,7/20/2024,Standard,29.99,No,
871,6/27/2024,Standard,29.99,No,
872,12/19/2023,Basic,14.99,Yes,12/31/2024
873,3/11/2024,Basic,14.99,Yes,5/20/2024
874,7/17/2024,Standard,29.99,Yes,12/31/2024
875,12/5/2023,Standard,29.99,No,
876,12/27/2023,Premium,49.99,No,
877,12/20/2024,Premium,49.99,No,
878,4/9/2024,Basic,14.99,No,
879,10/5/2023,Basic,14.99,No,
880,11/10/2023,Basic,14.99,Yes,9/8/2024
881,9/15/2023,Premium,49.99,Yes,12/20/2023
882,8/25/2023,Standard,29.99,No,
883,5/4/2023,Basic,14.99,Yes,9/27/2023
884,7/17/2023,Basic,14.99,No,
885,11/20/2023,Premium,49.99,Yes,12/10/2024
886,5/3/2023,Basic,14.99,No,
887,7/2/2024,Standard,29.99,No,
888,12/7/2024,Basic,14.99,No,
889,7/9/2023,Standard,29.99,No,
890,7/16/2023,Standard,29.99,No,
891,8/10/2023,Premium,49.99,Yes,11/12/2024
892,5/10/2024,Basic,14.99,Yes,12/31/2024
893,10/11/2023,Premium,49.99,No,
894,8/26/2024,Standard,29.99,No,
895,6/21/2024,Premium,49.99,No,
896,9/3/2024,Standard,29.99,No,
897,10/17/2023,Standard,29.99,No,
898,4/13/2023,Basic,14.99,Yes,6/11/2023
899,7/18/2023,Basic,14.99,No,
900,10/31/2023,Basic,14.99,No,
901,8/21/2023,Basic,14.99,Yes,3/28/2024
902,1/5/2024,Basic,14.99,No,
903,7/3/2023,Premium,49.99,No,
904,11/6/2023,Standard,29.99,No,
905,1/15/2023,Basic,14.99,Yes,6/6/2023
906,12/26/2024,Basic,14.99,No,
907,6/30/2024,Basic,14.99,No,
908,5/10/2023,Standard,29.99,No,
909,10/8/2023,Basic,14.99,Yes,10/22/2024
910,2/16/2023,Premium,49.99,No,
911,2/25/2023,Premium,49.99,No,
912,7/20/2024,Standard,29.99,No,
913,10/27/2023,Basic,14.99,No,
914,12/15/2024,Basic,14.99,No,
915,5/10/2023,Standard,29.99,No,
916,10/15/2024,Basic,14.99,No,
917,5/17/2024,Standard,29.99,No,
918,4/16/2023,Standard,29.99,Yes,12/31/2024
919,1/13/2023,Basic,14.99,No,
920,8/10/2024,Premium,49.99,No,
921,10/19/2023,Basic,14.99,No,
922,4/25/2024,Premium,49.99,No,
923,5/5/2024,Basic,14.99,No,
924,3/27/2024,Basic,14.99,Yes,12/31/2024
925,12/15/2023,Basic,14.99,No,
926,7/8/2023,Premium,49.99,No,
927,2/22/2023,Standard,29.99,Yes,10/8/2023
928,9/16/2023,Basic,14.99,Yes,2/16/2024
929,5/4/2024,Basic,14.99,No,
930,4/27/2023,Basic,14.99,Yes,7/19/2023
931,3/8/2023,Premium,49.99,No,
932,2/15/2024,Basic,14.99,No,
933,5/18/2024,Basic,14.99,No,
934,3/17/2023,Standard,29.99,No,
935,8/13/2024,Standard,29.99,No,
936,10/6/2024,Premium,49.99,Yes,11/5/2024
937,12/3/2024,Basic,14.99,No,
938,2/24/2023,Premium,49.99,No,
939,6/5/2023,Basic,14.99,No,
940,6/2/2023,Basic,14.99,No,
941,7/30/2024,Premium,49.99,No,
942,11/8/2023,Premium,49.99,Yes,12/31/2024
943,3/29/2023,Basic,14.99,No,
944,9/12/2023,Standard,29.99,Yes,2/15/2024
945,5/2/2023,Standard,29.99,Yes,1/20/2024
946,7/25/2024,Premium,49.99,No,
947,3/2/2024,Basic,14.99,No,
948,9/12/2024,Basic,14.99,No,
949,9/2/2024,Standard,29.99,No,
950,9/25/2024,Standard,29.99,No,
951,8/20/2023,Basic,14.99,Yes,9/21/2023
952,6/19/2024,Standard,29.99,Yes,12/31/2024
953,1/25/2024,Standard,29.99,Yes,3/6/2024
954,4/6/2024,Basic,14.99,No,
955,3/29/2024,Standard,29.99,Yes,6/15/2024
956,11/1/2023,Basic,14.99,No,
957,8/25/2024,Premium,49.99,Yes,12/31/2024
958,3/15/2024,Basic,14.99,No,
959,11/9/2023,Basic,14.99,No,
960,8/5/2024,Standard,29.99,No,
961,9/27/2024,Standard,29.99,No,
962,3/3/2023,Premium,49.99,No,
963,9/16/2024,Basic,14.99,No,
964,4/12/2023,Standard,29.99,No,
965,8/1/2023,Standard,29.99,No,
966,10/2/2024,Standard,29.99,No,
967,8/5/2023,Basic,14.99,No,
968,9/28/2023,Basic,14.99,No,
969,11/7/2024,Basic,14.99,Yes,12/31/2024
970,3/25/2023,Standard,29.99,No,
971,6/10/2023,Basic,14.99,No,
972,9/3/2023,Basic,14.99,No,
973,6/27/2023,Standard,29.99,No,
974,7/19/2024,Basic,14.99,No,
975,3/18/2023,Standard,29.99,No,
976,6/10/2023,Basic,14.99,No,
977,1/3/2023,Basic,14.99,No,
978,2/23/2024,Premium,49.99,No,
979,4/6/2024,Basic,14.99,Yes,6/25/2024
980,12/6/2024,Basic,14.99,No,
981,8/31/2024,Standard,29.99,No,
982,4/26/2024,Premium,49.99,Yes,11/26/2024
983,10/26/2023,Premium,49.99,No,
984,2/3/2023,Premium,49.99,No,
985,8/26/2023,Basic,14.99,No,
986,10/23/2023,Basic,14.99,No,
987,12/24/2024,Basic,14.99,No,
988,10/17/2023,Basic,14.99,No,
989,12/20/2024,Standard,29.99,No,
990,4/9/2024,Premium,49.99,No,
991,3/14/2023,Basic,14.99,No,
992,12/4/2024,Basic,14.99,Yes,12/31/2024
993,8/28/2023,Premium,49.99,No,
994,9/28/2023,Basic,14.99,No,
995,10/2/2024,Basic,14.99,No,
996,8/26/2024,Standard,29.99,No,
997,11/8/2024,Basic,14.99,No,
998,7/22/2023,Premium,49.99,No,
999,3/11/2024,Standard,29.99,No,
1000,4/28/2023,Basic,14.99,No,
1001,7/11/2024,Basic,14.99,No,
1002,8/19/2023,Standard,29.99,Yes,6/10/2024
1003,10/25/2024,Standard,29.99,No,
1004,6/2/2023,Standard,29.99,Yes,12/31/2024
1005,9/30/2023,Basic,14.99,No,
1006,5/26/2023,Basic,14.99,No,
1007,3/15/2023,Premium,49.99,Yes,7/10/2024
1008,3/3/2023,Basic,14.99,No,
1009,6/19/2023,Standard,29.99,No,
1010,11/11/2023,Standard,29.99,No,
1011,9/1/2024,Standard,29.99,No,
1012,8/5/2024,Standard,29.99,No,
1013,10/23/2023,Basic,14.99,No,
1014,3/25/2024,Premium,49.99,No,
1015,5/8/2023,Basic,14.99,No,
1016,4/24/2024,Standard,29.99,No,
1017,12/6/2024,Standard,29.99,No,
1018,11/8/2023,Basic,14.99,Yes,9/29/2024
1019,12/17/2024,Basic,14.99,No,
1020,2/17/2024,Basic,14.99,No,
1021,10/6/2023,Basic,14.99,No,
1022,5/27/2024,Standard,29.99,No,
1023,7/6/2024,Basic,14.99,No,
1024,5/20/2024,Standard,29.99,No,
1025,3/24/2024,Standard,29.99,No,
1026,3/24/2023,Basic,14.99,No,
1027,9/4/2024,Standard,29.99,No,
1028,2/10/2023,Premium,49.99,Yes,12/8/2024
1029,3/18/2024,Basic,14.99,Yes,10/8/2024
1030,11/27/2023,Standard,29.99,Yes,5/10/2024
1031,9/10/2024,Standard,29.99,No,
1032,9/14/2023,Standard,29.99,No,
1033,1/27/2023,Standard,29.99,Yes,8/12/2024
1034,4/4/2023,Standard,29.99,Yes,7/14/2023
1035,8/23/2023,Basic,14.99,No,
1036,11/21/2024,Premium,49.99,Yes,12/31/2024
1037,8/12/2024,Premium,49.99,No,
1038,8/24/2024,Basic,14.99,No,
1039,1/22/2023,Basic,14.99,No,
1040,11/19/2024,Basic,14.99,No,
1041,10/3/2023,Standard,29.99,Yes,12/31/2024
1042,8/13/2024,Premium,49.99,No,
1043,2/11/2023,Basic,14.99,No,
1044,6/29/2023,Basic,14.99,No,
1045,4/26/2024,Basic,14.99,No,
1046,6/15/2024,Premium,49.99,No,
1047,10/29/2024,Basic,14.99,No,
1048,3/28/2024,Basic,14.99,No,
1049,10/12/2023,Standard,29.99,No,
1050,7/5/2023,Standard,29.99,No,
1051,8/22/2024,Basic,14.99,No,
1052,3/22/2024,Basic,14.99,No,
1053,10/12/2024,Premium,49.99,No,
1054,5/18/2024,Standard,29.99,No,
1055,4/4/2023,Basic,14.99,No,
1056,4/26/2024,Basic,14.99,No,
1057,12/23/2023,Basic,14.99,Yes,9/2/2024
1058,2/23/2024,Basic,14.99,No,
1059,12/8/2023,Basic,14.99,Yes,9/8/2024
1060,11/25/2023,Standard,29.99,No,
1061,11/17/2024,Standard,29.99,No,
1062,4/18/2023,Basic,14.99,No,
1063,6/14/2023,Basic,14.99,No,
1064,12/4/2023,Premium,49.99,Yes,12/31/2024
1065,2/26/2024,Standard,29.99,No,
1066,12/11/2024,Premium,49.99,No,
1067,5/22/2024,Basic,14.99,No,
1068,10/23/2023,Standard,29.99,Yes,1/20/2024
1069,11/9/2024,Standard,29.99,No,
1070,2/15/2024,Basic,14.99,Yes,8/25/2024
1071,7/17/2024,Basic,14.99,No,
1072,2/7/2023,Basic,14.99,No,
1073,4/10/2024,Premium,49.99,No,
1074,4/1/2023,Standard,29.99,No,
1075,11/19/2023,Premium,49.99,Yes,12/31/2024
1076,9/16/2023,Premium,49.99,No,
1077,11/28/2023,Basic,14.99,No,
1078,4/29/2023,Standard,29.99,Yes,11/7/2023
1079,2/18/2024,Basic,14.99,No,
1080,6/10/2024,Premium,49.99,Yes,12/31/2024
1081,1/2/2023,Standard,29.99,No,
1082,11/4/2024,Standard,29.99,No,
1083,7/9/2024,Basic,14.99,No,
1084,4/18/2024,Premium,49.99,Yes,12/31/2024
1085,2/28/2024,Standard,29.99,No,
1086,2/25/2023,Standard,29.99,Yes,5/1/2024
1087,7/12/2023,Basic,14.99,No,
1088,6/14/2024,Premium,49.99,No,
1089,1/6/2024,Standard,29.99,Yes,12/31/2024
1090,9/29/2024,Basic,14.99,No,
1091,5/25/2024,Basic,14.99,Yes,12/31/2024
1092,10/2/2024,Basic,14.99,No,
1093,3/28/2024,Standard,29.99,Yes,12/31/2024
1094,2/22/2023,Standard,29.99,No,
1095,7/28/2023,Basic,14.99,No,
1096,10/1/2023,Standard,29.99,No,
1097,7/16/2024,Premium,49.99,Yes,12/26/2024
1098,5/15/2023,Basic,14.99,No,
1099,10/22/2023,Basic,14.99,No,
1100,3/24/2024,Basic,14.99,No,
1101,12/16/2024,Standard,29.99,No,
1102,5/11/2024,Standard,29.99,No,
1103,5/5/2023,Premium,49.99,No,
1104,1/30/2023,Standard,29.99,No,
1105,10/7/2024,Standard,29.99,No,
1106,9/15/2024,Basic,14.99,Yes,12/31/2024
1107,9/3/2023,Premium,49.99,No,
1108,12/27/2024,Standard,29.99,Yes,12/31/2024
1109,6/12/2023,Premium,49.99,No,
1110,11/15/2023,Standard,29.99,No,
1111,7/18/2024,Standard,29.99,No,
1112,1/15/2023,Basic,14.99,No,
1113,7/19/2024,Basic,14.99,Yes,9/12/2024
1114,2/22/2024,Premium,49.99,No,
1115,4/6/2023,Basic,14.99,No,
1116,8/19/2023,Standard,29.99,No,
1117,4/27/2023,Basic,14.99,No,
1118,4/17/2024,Premium,49.99,No,
1119,5/1/2023,Basic,14.99,No,
1120,10/25/2024,Standard,29.99,Yes,12/31/2024
1121,6/7/2023,Standard,29.99,Yes,7/21/2023
1122,5/25/2024,Basic,14.99,No,
1123,10/26/2023,Premium,49.99,No,
1124,6/5/2024,Premium,49.99,No,
1125,12/23/2024,Standard,29.99,Yes,12/31/2024
1126,10/7/2023,Basic,14.99,No,
1127,3/1/2024,Basic,14.99,Yes,12/31/2024
1128,5/9/2024,Standard,29.99,No,
1129,4/28/2024,Basic,14.99,No,
1130,9/7/2023,Basic,14.99,No,
1131,4/12/2024,Premium,49.99,No,
1132,7/18/2024,Premium,49.99,No,
1133,5/29/2023,Basic,14.99,No,
1134,1/28/2024,Standard,29.99,Yes,12/26/2024
1135,7/15/2023,Basic,14.99,No,
1136,9/5/2024,Standard,29.99,No,
1137,6/4/2024,Standard,29.99,No,
1138,5/20/2023,Premium,49.99,No,
1139,3/13/2023,Basic,14.99,No,
1140,10/10/2023,Standard,29.99,No,
1141,2/29/2024,Basic,14.99,No,
1142,12/15/2023,Standard,29.99,No,
1143,6/3/2024,Standard,29.99,No,
1144,10/1/2023,Standard,29.99,No,
1145,1/3/2023,Standard,29.99,No,
1146,10/17/2023,Standard,29.99,No,
1147,11/2/2023,Basic,14.99,No,
1148,8/24/2024,Basic,14.99,No,
1149,8/16/2024,Premium,49.99,No,
1150,11/6/2024,Basic,14.99,No,
1151,5/16/2024,Premium,49.99,Yes,12/31/2024
1152,6/2/2023,Basic,14.99,No,
1153,4/2/2024,Premium,49.99,Yes,12/31/2024
1154,7/5/2024,Standard,29.99,No,
1155,5/10/2024,Premium,49.99,No,
1156,12/20/2023,Basic,14.99,No,
1157,12/7/2023,Basic,14.99,No,
1158,7/19/2024,Basic,14.99,No,
1159,7/10/2024,Basic,14.99,Yes,12/31/2024
1160,1/22/2024,Premium,49.99,No,
1161,4/11/2024,Basic,14.99,No,
1162,11/26/2023,Basic,14.99,No,
1163,7/13/2023,Basic,14.99,No,
1164,12/15/2024,Standard,29.99,No,
1165,9/2/2023,Basic,14.99,No,
1166,8/8/2024,Premium,49.99,Yes,12/31/2024
1167,1/28/2024,Premium,49.99,No,
1168,8/28/2023,Standard,29.99,No,
1169,2/25/2024,Premium,49.99,No,
1170,2/14/2023,Basic,14.99,No,
1171,11/22/2023,Basic,14.99,No,
1172,4/29/2024,Basic,14.99,No,
1173,12/23/2024,Basic,14.99,No,
1174,1/26/2024,Premium,49.99,No,
1175,1/31/2024,Basic,14.99,No,
1176,11/10/2024,Basic,14.99,No,
1177,10/29/2024,Standard,29.99,No,
1178,6/5/2023,Premium,49.99,No,
1179,5/22/2024,Standard,29.99,Yes,10/7/2024
1180,2/7/2023,Basic,14.99,Yes,12/26/2024
1181,5/10/2023,Basic,14.99,No,
1182,5/29/2024,Basic,14.99,No,
1183,8/27/2024,Basic,14.99,No,
1184,12/6/2023,Basic,14.99,Yes,2/20/2024
1185,4/13/2023,Basic,14.99,No,
1186,3/26/2024,Standard,29.99,No,
1187,4/13/2023,Basic,14.99,No,
1188,6/22/2024,Standard,29.99,No,
1189,4/12/2024,Premium,49.99,No,
1190,1/16/2023,Basic,14.99,Yes,4/2/2023
1191,5/28/2023,Premium,49.99,No,
1192,2/24/2024,Standard,29.99,No,
1193,11/1/2024,Standard,29.99,No,
1194,6/8/2023,Basic,14.99,No,
1195,3/18/2023,Standard,29.99,Yes,12/31/2024
1196,4/25/2024,Basic,14.99,No,
1197,9/29/2023,Standard,29.99,No,
1198,12/13/2023,Premium,49.99,No,
1199,9/30/2024,Basic,14.99,No,
1200,12/10/2024,Standard,29.99,No,
1201,2/12/2024,Basic,14.99,No,
1202,10/27/2024,Basic,14.99,Yes,12/31/2024
1203,3/24/2023,Premium,49.99,Yes,8/26/2023
1204,12/3/2023,Basic,14.99,Yes,3/14/2024
1205,11/21/2024,Basic,14.99,No,
1206,6/30/2024,Premium,49.99,No,
1207,1/25/2024,Standard,29.99,No,
1208,11/21/2023,Standard,29.99,No,
1209,10/3/2024,Standard,29.99,No,
1210,5/14/2024,Basic,14.99,No,
1211,7/8/2024,Standard,29.99,No,
1212,2/6/2023,Basic,14.99,No,
1213,9/24/2024,Basic,14.99,No,
1214,3/12/2023,Premium,49.99,No,
1215,8/29/2023,Basic,14.99,No,
1216,10/8/2024,Premium,49.99,No,
1217,12/1/2024,Premium,49.99,Yes,12/31/2024
1218,10/22/2023,Standard,29.99,Yes,12/31/2024
1219,8/21/2023,Premium,49.99,Yes,5/15/2024
1220,4/3/2023,Basic,14.99,No,
1221,3/20/2024,Basic,14.99,No,
1222,4/11/2023,Standard,29.99,No,
1223,10/10/2024,Basic,14.99,No,
1224,12/21/2024,Standard,29.99,No,
1225,4/13/2023,Premium,49.99,Yes,2/10/2024
1226,3/30/2024,Basic,14.99,Yes,9/8/2024
1227,6/20/2023,Basic,14.99,No,
1228,12/11/2024,Basic,14.99,No,
1229,11/3/2023,Basic,14.99,Yes,12/31/2024
1230,1/30/2023,Basic,14.99,No,
1231,2/17/2023,Standard,29.99,Yes,4/20/2023
1232,11/29/2023,Standard,29.99,No,
1233,2/27/2023,Standard,29.99,Yes,12/14/2024
1234,10/28/2023,Basic,14.99,No,
1235,1/3/2024,Basic,14.99,No,
1236,1/19/2024,Premium,49.99,Yes,8/2/2024
1237,3/17/2024,Basic,14.99,No,
1238,5/30/2023,Premium,49.99,No,
1239,9/8/2023,Basic,14.99,No,
1240,6/27/2024,Basic,14.99,No,
1241,2/26/2024,Basic,14.99,No,
1242,8/2/2024,Standard,29.99,No,
1243,11/29/2024,Standard,29.99,No,
1244,7/4/2023,Standard,29.99,Yes,8/5/2024
1245,6/24/2023,Basic,14.99,No,
1246,6/29/2023,Basic,14.99,Yes,12/31/2024
1247,3/22/2023,Standard,29.99,No,
1248,9/16/2024,Basic,14.99,No,
1249,1/27/2024,Basic,14.99,No,
1250,9/26/2024,Standard,29.99,No,
1251,11/30/2024,Basic,14.99,No,
1252,9/4/2023,Standard,29.99,No,
1253,5/24/2024,Premium,49.99,Yes,9/9/2024
1254,8/20/2024,Basic,14.99,No,
1255,5/27/2023,Basic,14.99,No,
1256,8/26/2023,Standard,29.99,No,
1257,4/17/2024,Basic,14.99,No,
1258,10/15/2024,Basic,14.99,No,
1259,9/18/2023,Standard,29.99,No,
1260,4/15/2024,Basic,14.99,No,
1261,9/19/2023,Standard,29.99,No,
1262,11/13/2024,Basic,14.99,No,
1263,1/10/2023,Standard,29.99,No,
1264,4/21/2024,Basic,14.99,No,
1265,10/22/2023,Basic,14.99,No,
1266,11/24/2024,Premium,49.99,No,
1267,7/13/2024,Standard,29.99,No,
1268,6/11/2023,Premium,49.99,Yes,1/17/2024
1269,3/17/2023,Basic,14.99,No,
1270,3/28/2024,Basic,14.99,Yes,12/31/2024
1271,12/20/2023,Premium,49.99,Yes,5/7/2024
1272,8/24/2024,Basic,14.99,Yes,11/22/2024
1273,11/3/2023,Basic,14.99,Yes,12/31/2024
1274,10/16/2024,Basic,14.99,No,
1275,3/10/2024,Premium,49.99,No,
1276,12/7/2024,Premium,49.99,No,
1277,9/14/2023,Standard,29.99,Yes,12/31/2024
1278,4/12/2024,Basic,14.99,No,
1279,11/6/2023,Standard,29.99,No,
1280,7/23/2023,Basic,14.99,No,
1281,1/29/2024,Premium,49.99,No,
1282,5/9/2024,Standard,29.99,No,
1283,4/20/2023,Standard,29.99,Yes,12/9/2024
1284,8/31/2023,Standard,29.99,Yes,12/31/2024
1285,1/26/2024,Premium,49.99,No,
1286,8/8/2024,Basic,14.99,Yes,12/31/2024
1287,1/3/2024,Basic,14.99,No,
1288,8/11/2024,Premium,49.99,Yes,12/31/2024
1289,10/30/2023,Basic,14.99,Yes,4/9/2024
1290,12/17/2024,Standard,29.99,No,
1291,10/30/2023,Standard,29.99,No,
1292,1/23/2023,Premium,49.99,No,
1293,11/5/2024,Premium,49.99,Yes,12/31/2024
1294,2/10/2024,Standard,29.99,No,
1295,10/9/2023,Basic,14.99,No,
1296,1/9/2023,Premium,49.99,No,
1297,8/2/2024,Basic,14.99,No,
1298,12/3/2024,Premium,49.99,No,
1299,2/20/2023,Basic,14.99,No,
1300,9/12/2024,Premium,49.99,No,
1301,5/23/2024,Basic,14.99,No,
1302,10/21/2023,Standard,29.99,No,
1303,8/24/2023,Basic,14.99,No,
1304,9/13/2024,Standard,29.99,No,
1305,12/27/2023,Premium,49.99,No,
1306,8/13/2023,Basic,14.99,No,
1307,10/13/2024,Basic,14.99,No,
1308,7/14/2023,Basic,14.99,No,
1309,9/27/2024,Basic,14.99,Yes,12/31/2024
1310,9/14/2023,Premium,49.99,No,
1311,11/25/2024,Standard,29.99,No,
1312,11/6/2024,Standard,29.99,No,
1313,11/28/2024,Basic,14.99,No,
1314,5/21/2023,Premium,49.99,Yes,3/10/2024
1315,10/5/2024,Basic,14.99,No,
1316,4/10/2023,Standard,29.99,Yes,9/13/2023
1317,10/4/2024,Basic,14.99,Yes,12/31/2024
1318,10/23/2024,Standard,29.99,No,
1319,2/10/2023,Basic,14.99,No,
1320,11/13/2023,Standard,29.99,No,
1321,3/27/2024,Basic,14.99,No,
1322,2/4/2023,Basic,14.99,No,
1323,8/16/2024,Standard,29.99,No,
1324,1/9/2024,Basic,14.99,No,
1325,5/15/2023,Basic,14.99,No,
1326,4/3/2023,Basic,14.99,No,
1327,10/30/2023,Basic,14.99,No,
1328,12/1/2023,Premium,49.99,Yes,12/7/2024
1329,3/1/2024,Basic,14.99,No,
1330,6/29/2023,Basic,14.99,No,
1331,7/25/2023,Standard,29.99,No,
1332,5/16/2023,Standard,29.99,No,
1333,7/6/2024,Basic,14.99,No,
1334,1/10/2024,Standard,29.99,No,
1335,6/27/2024,Premium,49.99,No,
1336,5/28/2024,Standard,29.99,No,
1337,10/7/2023,Standard,29.99,No,
1338,6/18/2023,Basic,14.99,No,
1339,9/21/2023,Premium,49.99,No,
1340,5/8/2024,Basic,14.99,No,
1341,10/30/2023,Premium,49.99,No,
1342,12/13/2023,Basic,14.99,Yes,12/11/2024
1343,4/28/2023,Standard,29.99,No,
1344,4/24/2024,Standard,29.99,No,
1345,3/19/2023,Standard,29.99,No,
1346,5/25/2023,Premium,49.99,Yes,10/8/2024
1347,8/20/2023,Basic,14.99,No,
1348,11/23/2024,Basic,14.99,Yes,12/31/2024
1349,11/21/2024,Standard,29.99,No,
1350,2/11/2024,Standard,29.99,Yes,5/12/2024
1351,7/24/2024,Premium,49.99,No,
1352,1/10/2024,Standard,29.99,Yes,3/27/2024
1353,4/3/2023,Basic,14.99,No,
1354,2/9/2024,Standard,29.99,No,
1355,1/15/2023,Standard,29.99,No,
1356,9/28/2023,Standard,29.99,Yes,5/8/2024
1357,7/3/2024,Standard,29.99,Yes,12/13/2024
1358,5/7/2023,Standard,29.99,No,
1359,4/10/2024,Standard,29.99,No,
1360,1/13/2024,Standard,29.99,No,
1361,11/19/2024,Standard,29.99,No,
1362,11/19/2024,Basic,14.99,No,
1363,9/26/2023,Standard,29.99,No,
1364,8/21/2024,Basic,14.99,No,
1365,1/26/2024,Basic,14.99,Yes,12/31/2024
1366,10/15/2024,Standard,29.99,No,
1367,1/16/2024,Standard,29.99,Yes,12/31/2024
1368,4/21/2023,Standard,29.99,No,
1369,11/22/2024,Standard,29.99,No,
1370,8/28/2023,Premium,49.99,No,
1371,4/27/2024,Basic,14.99,No,
1372,1/26/2023,Basic,14.99,No,
1373,9/26/2024,Basic,14.99,No,
1374,7/28/2024,Basic,14.99,No,
1375,12/2/2023,Premium,49.99,No,
1376,9/16/2024,Standard,29.99,Yes,12/31/2024
1377,8/15/2023,Standard,29.99,Yes,11/15/2023
1378,10/25/2024,Basic,14.99,No,
1379,3/6/2023,Premium,49.99,No,
1380,10/12/2024,Standard,29.99,No,
1381,4/20/2024,Standard,29.99,No,
1382,12/18/2024,Basic,14.99,No,
1383,11/6/2023,Standard,29.99,No,
1384,10/26/2024,Standard,29.99,Yes,12/31/2024
1385,2/23/2024,Standard,29.99,No,
1386,4/30/2023,Premium,49.99,No,
1387,5/24/2023,Premium,49.99,No,
1388,2/16/2023,Standard,29.99,Yes,7/30/2024
1389,2/8/2023,Basic,14.99,No,
1390,11/8/2023,Basic,14.99,Yes,1/24/2024
1391,5/19/2024,Basic,14.99,Yes,10/9/2024
1392,4/29/2023,Standard,29.99,No,
1393,4/10/2023,Basic,14.99,No,
1394,8/29/2023,Basic,14.99,No,
1395,7/4/2024,Basic,14.99,No,
1396,5/19/2023,Basic,14.99,Yes,12/3/2023
1397,2/2/2024,Basic,14.99,No,
1398,4/9/2024,Basic,14.99,Yes,12/31/2024
1399,1/15/2024,Standard,29.99,Yes,11/2/2024
1400,11/17/2024,Standard,29.99,No,
1401,12/14/2024,Standard,29.99,No,
1402,7/7/2024,Premium,49.99,No,
1403,3/5/2024,Premium,49.99,Yes,12/31/2024
1404,8/24/2024,Standard,29.99,No,
1405,6/8/2023,Standard,29.99,No,
1406,2/29/2024,Basic,14.99,No,
1407,11/1/2024,Standard,29.99,Yes,12/31/2024
1408,4/12/2023,Premium,49.99,Yes,10/17/2024
1409,5/16/2024,Basic,14.99,No,
1410,9/22/2024,Standard,29.99,No,
1411,2/22/2024,Premium,49.99,No,
1412,10/14/2023,Premium,49.99,No,
1413,2/3/2023,Standard,29.99,No,
1414,12/7/2024,Standard,29.99,Yes,12/31/2024
1415,1/15/2024,Standard,29.99,Yes,6/20/2024
1416,8/11/2023,Standard,29.99,Yes,12/31/2024
1417,3/30/2024,Standard,29.99,No,
1418,3/31/2024,Standard,29.99,No,
1419,8/30/2023,Premium,49.99,No,
1420,1/7/2024,Basic,14.99,Yes,6/3/2024
1421,4/12/2023,Standard,29.99,No,
1422,12/3/2024,Standard,29.99,Yes,12/31/2024
1423,1/12/2024,Premium,49.99,No,
1424,7/11/2024,Premium,49.99,No,
1425,10/22/2024,Basic,14.99,No,
1426,1/3/2024,Basic,14.99,Yes,2/21/2024
1427,3/4/2023,Basic,14.99,No,
1428,2/12/2024,Basic,14.99,No,
1429,10/10/2023,Standard,29.99,No,
1430,7/14/2023,Basic,14.99,Yes,11/24/2023
1431,5/6/2023,Basic,14.99,No,
1432,4/10/2024,Basic,14.99,Yes,12/31/2024
1433,4/4/2023,Basic,14.99,No,
1434,11/9/2024,Basic,14.99,Yes,12/31/2024
1435,8/6/2023,Standard,29.99,Yes,12/31/2024
1436,10/19/2024,Basic,14.99,No,
1437,10/16/2024,Basic,14.99,No,
1438,9/3/2024,Premium,49.99,Yes,12/31/2024
1439,1/22/2023,Basic,14.99,No,
1440,2/21/2023,Basic,14.99,Yes,10/23/2023
1441,12/8/2023,Standard,29.99,No,
1442,9/7/2023,Premium,49.99,Yes,6/1/2024
1443,5/9/2023,Standard,29.99,No,
1444,8/1/2024,Standard,29.99,No,
1445,7/30/2023,Basic,14.99,No,
1446,3/12/2023,Premium,49.99,No,
1447,7/21/2024,Premium,49.99,No,
1448,8/1/2023,Basic,14.99,No,
1449,8/23/2024,Standard,29.99,No,
1450,8/10/2023,Standard,29.99,No,
1451,8/27/2023,Basic,14.99,No,
1452,12/3/2023,Basic,14.99,No,
1453,6/1/2023,Standard,29.99,No,
1454,9/2/2024,Basic,14.99,Yes,12/31/2024
1455,1/3/2023,Standard,29.99,No,
1456,10/11/2023,Standard,29.99,No,
1457,5/29/2023,Basic,14.99,No,
1458,5/14/2023,Premium,49.99,No,
1459,7/7/2024,Basic,14.99,Yes,12/31/2024
1460,9/14/2023,Basic,14.99,Yes,3/11/2024
1461,6/28/2023,Standard,29.99,No,
1462,4/23/2023,Standard,29.99,No,
1463,11/7/2024,Standard,29.99,No,
1464,1/27/2023,Premium,49.99,No,
1465,5/15/2023,Basic,14.99,No,
1466,1/16/2023,Standard,29.99,No,
1467,1/2/2024,Premium,49.99,Yes,4/24/2024
1468,9/1/2023,Basic,14.99,No,
1469,8/25/2024,Basic,14.99,No,
1470,11/28/2023,Standard,29.99,No,
1471,1/17/2023,Standard,29.99,Yes,4/13/2024
1472,6/28/2023,Basic,14.99,Yes,9/28/2024
1473,9/29/2023,Basic,14.99,Yes,11/10/2023
1474,2/23/2023,Standard,29.99,No,
1475,5/10/2023,Standard,29.99,Yes,12/31/2024
1476,3/7/2024,Standard,29.99,No,
1477,6/22/2024,Standard,29.99,No,
1478,4/27/2023,Premium,49.99,Yes,10/22/2023
1479,3/7/2023,Basic,14.99,No,
1480,5/2/2024,Basic,14.99,No,
1481,4/4/2024,Standard,29.99,No,
1482,1/6/2024,Basic,14.99,No,
1483,6/9/2024,Basic,14.99,No,
1484,8/30/2024,Premium,49.99,No,
1485,4/22/2023,Standard,29.99,No,
1486,4/7/2024,Basic,14.99,No,
1487,5/30/2024,Standard,29.99,No,
1488,8/15/2023,Premium,49.99,Yes,11/4/2024
1489,9/21/2024,Basic,14.99,No,
1490,2/14/2023,Basic,14.99,No,
1491,11/5/2024,Basic,14.99,No,
1492,6/17/2024,Basic,14.99,No,
1493,11/5/2023,Standard,29.99,No,
1494,4/14/2024,Basic,14.99,Yes,7/6/2024
1495,10/20/2024,Basic,14.99,No,
1496,2/1/2023,Basic,14.99,No,
1497,3/4/2023,Basic,14.99,No,
1498,5/5/2024,Basic,14.99,No,
1499,2/16/2024,Standard,29.99,No,
1500,3/12/2024,Basic,14.99,No,
1501,12/3/2024,Standard,29.99,No,
1502,4/21/2023,Standard,29.99,No,
1503,5/17/2024,Premium,49.99,No,
1504,12/30/2024,Standard,29.99,No,
1505,3/30/2024,Standard,29.99,No,
1506,3/17/2023,Basic,14.99,No,
1507,3/24/2023,Basic,14.99,Yes,5/20/2023
1508,11/26/2023,Basic,14.99,No,
1509,9/14/2024,Premium,49.99,No,
1510,6/1/2023,Basic,14.99,No,
1511,3/9/2023,Premium,49.99,Yes,8/29/2023
1512,5/10/2023,Standard,29.99,No,
1513,10/9/2023,Basic,14.99,No,
1514,10/1/2024,Premium,49.99,Yes,12/31/2024
1515,10/10/2024,Standard,29.99,No,
1516,8/22/2024,Standard,29.99,No,
1517,7/15/2024,Premium,49.99,No,
1518,12/30/2024,Standard,29.99,Yes,12/31/2024
1519,11/29/2023,Standard,29.99,No,
1520,1/26/2024,Basic,14.99,No,
1521,9/3/2024,Premium,49.99,No,
1522,6/27/2024,Basic,14.99,No,
1523,10/29/2023,Basic,14.99,Yes,3/28/2024
1524,4/9/2024,Standard,29.99,No,
1525,6/1/2024,Premium,49.99,Yes,12/31/2024
1526,9/11/2024,Standard,29.99,No,
1527,3/16/2024,Basic,14.99,No,
1528,4/12/2023,Standard,29.99,No,
1529,12/19/2024,Basic,14.99,No,
1530,4/28/2023,Basic,14.99,Yes,8/26/2023
1531,11/1/2024,Premium,49.99,No,
1532,10/28/2024,Standard,29.99,No,
1533,7/18/2024,Premium,49.99,No,
1534,8/9/2023,Basic,14.99,Yes,8/14/2024
1535,3/16/2024,Basic,14.99,No,
1536,4/7/2024,Standard,29.99,Yes,12/31/2024
1537,8/22/2023,Basic,14.99,No,
1538,2/28/2024,Standard,29.99,Yes,12/11/2024
1539,12/14/2023,Basic,14.99,Yes,12/31/2024
1540,4/9/2024,Basic,14.99,No,
1541,2/13/2024,Standard,29.99,Yes,12/31/2024
1542,3/1/2024,Basic,14.99,Yes,8/6/2024
1543,4/8/2023,Standard,29.99,Yes,4/12/2024
1544,11/17/2023,Standard,29.99,No,
1545,3/13/2024,Standard,29.99,Yes,12/31/2024
1546,11/17/2023,Basic,14.99,No,
1547,11/12/2024,Basic,14.99,Yes,12/31/2024
1548,9/19/2023,Basic,14.99,No,
1549,1/19/2024,Standard,29.99,Yes,7/9/2024
1550,6/6/2023,Premium,49.99,No,
1551,12/4/2024,Standard,29.99,No,
1552,4/30/2024,Premium,49.99,Yes,12/31/2024
1553,3/10/2023,Standard,29.99,Yes,12/31/2024
1554,4/4/2023,Basic,14.99,No,
1555,3/29/2023,Standard,29.99,No,
1556,4/6/2023,Premium,49.99,No,
1557,3/18/2024,Basic,14.99,Yes,12/31/2024
1558,4/9/2023,Basic,14.99,No,
1559,1/17/2024,Standard,29.99,Yes,11/13/2024
1560,5/14/2023,Premium,49.99,No,
1561,7/23/2024,Standard,29.99,No,
1562,3/3/2023,Basic,14.99,Yes,8/20/2023
1563,8/23/2024,Standard,29.99,No,
1564,7/29/2024,Basic,14.99,Yes,10/6/2024
1565,7/29/2024,Basic,14.99,No,
1566,12/4/2023,Basic,14.99,No,
1567,11/17/2024,Basic,14.99,No,
1568,5/6/2023,Standard,29.99,Yes,4/20/2024
1569,2/25/2024,Basic,14.99,No,
1570,12/29/2023,Premium,49.99,Yes,10/6/2024
1571,11/12/2024,Standard,29.99,No,
1572,3/9/2024,Basic,14.99,No,
1573,2/22/2023,Standard,29.99,No,
1574,10/22/2023,Basic,14.99,No,
1575,9/6/2024,Premium,49.99,Yes,12/31/2024
1576,11/16/2023,Basic,14.99,No,
1577,12/27/2023,Standard,29.99,No,
1578,4/17/2023,Basic,14.99,No,
1579,8/14/2024,Basic,14.99,No,
1580,6/3/2024,Basic,14.99,No,
1581,8/6/2023,Standard,29.99,No,
1582,6/8/2023,Standard,29.99,No,
1583,11/3/2024,Basic,14.99,Yes,12/31/2024
1584,5/8/2024,Premium,49.99,No,
1585,8/18/2023,Standard,29.99,No,
1586,4/21/2023,Premium,49.99,Yes,7/13/2024
1587,12/25/2023,Standard,29.99,Yes,9/12/2024
1588,7/23/2024,Premium,49.99,No,
1589,1/12/2024,Standard,29.99,No,
1590,4/28/2023,Standard,29.99,Yes,12/31/2024
1591,10/13/2023,Standard,29.99,No,
1592,8/10/2024,Basic,14.99,No,
1593,8/20/2023,Basic,14.99,Yes,6/10/2024
1594,3/15/2024,Basic,14.99,Yes,7/7/2024
1595,7/28/2024,Premium,49.99,No,
1596,9/28/2024,Basic,14.99,Yes,12/31/2024
1597,9/20/2024,Basic,14.99,Yes,11/6/2024
1598,11/22/2024,Premium,49.99,No,
1599,10/20/2024,Premium,49.99,No,
1600,7/24/2024,Basic,14.99,Yes,12/31/2024
1601,1/27/2023,Standard,29.99,Yes,3/24/2023
1602,9/15/2024,Standard,29.99,No,
1603,11/4/2024,Basic,14.99,No,
1604,12/11/2024,Basic,14.99,Yes,12/31/2024
1605,10/1/2023,Basic,14.99,No,
1606,1/30/2023,Basic,14.99,Yes,4/5/2023
1607,7/4/2023,Standard,29.99,No,
1608,10/7/2023,Premium,49.99,Yes,1/15/2024
1609,12/20/2024,Basic,14.99,No,
1610,11/13/2023,Basic,14.99,No,
1611,12/14/2023,Basic,14.99,No,
1612,12/26/2023,Basic,14.99,No,
1613,1/7/2023,Premium,49.99,No,
1614,7/5/2023,Basic,14.99,Yes,12/11/2023
1615,5/27/2023,Basic,14.99,No,
1616,8/2/2024,Basic,14.99,Yes,10/4/2024
1617,11/4/2024,Basic,14.99,No,
1618,2/15/2024,Basic,14.99,No,
1619,3/13/2023,Premium,49.99,No,
1620,5/26/2023,Basic,14.99,No,
1621,10/10/2024,Basic,14.99,No,
1622,2/1/2023,Premium,49.99,No,
1623,4/4/2023,Premium,49.99,No,
1624,6/27/2024,Basic,14.99,No,
1625,8/9/2023,Basic,14.99,No,
1626,1/21/2024,Basic,14.99,Yes,11/30/2024
1627,3/5/2024,Basic,14.99,Yes,6/27/2024
1628,4/9/2024,Premium,49.99,No,
1629,12/16/2023,Standard,29.99,No,
1630,6/11/2023,Basic,14.99,No,
1631,1/14/2024,Basic,14.99,No,
1632,11/16/2023,Premium,49.99,Yes,8/28/2024
1633,11/29/2023,Basic,14.99,Yes,3/8/2024
1634,8/4/2024,Basic,14.99,No,
1635,9/2/2024,Basic,14.99,No,
1636,3/28/2023,Premium,49.99,No,
1637,2/23/2023,Basic,14.99,No,
1638,6/9/2023,Basic,14.99,No,
1639,6/11/2023,Basic,14.99,Yes,5/26/2024
1640,9/24/2024,Premium,49.99,Yes,11/19/2024
1641,2/20/2023,Standard,29.99,No,
1642,11/21/2024,Standard,29.99,No,
1643,3/25/2023,Basic,14.99,No,
1644,10/6/2023,Standard,29.99,Yes,12/31/2024
1645,3/29/2024,Standard,29.99,No,
1646,11/8/2024,Standard,29.99,Yes,12/31/2024
1647,3/10/2024,Basic,14.99,No,
1648,5/12/2024,Basic,14.99,No,
1649,9/13/2024,Basic,14.99,Yes,10/22/2024
1650,3/28/2024,Basic,14.99,No,
1651,2/29/2024,Basic,14.99,No,
1652,10/7/2023,Basic,14.99,No,
1653,8/9/2023,Basic,14.99,No,
1654,6/8/2024,Standard,29.99,No,
1655,4/27/2023,Basic,14.99,No,
1656,12/20/2023,Standard,29.99,No,
1657,3/16/2024,Standard,29.99,Yes,9/7/2024
1658,4/24/2023,Basic,14.99,No,
1659,10/18/2023,Premium,49.99,Yes,12/31/2024
1660,11/25/2024,Standard,29.99,No,
1661,11/25/2024,Premium,49.99,No,
1662,8/30/2024,Basic,14.99,No,
1663,5/13/2024,Standard,29.99,No,
1664,6/23/2024,Basic,14.99,No,
1665,11/14/2024,Basic,14.99,No,
1666,11/12/2023,Basic,14.99,Yes,12/31/2024
1667,2/16/2023,Basic,14.99,No,
1668,8/14/2023,Standard,29.99,No,
1669,2/9/2024,Basic,14.99,Yes,12/31/2024
1670,9/5/2024,Standard,29.99,No,
1671,2/26/2023,Premium,49.99,No,
1672,1/8/2023,Basic,14.99,No,
1673,7/29/2023,Premium,49.99,Yes,11/18/2023
1674,11/5/2023,Basic,14.99,Yes,12/31/2024
1675,8/5/2023,Premium,49.99,No,
1676,5/21/2023,Standard,29.99,No,
1677,9/19/2023,Basic,14.99,No,
1678,10/24/2023,Premium,49.99,Yes,3/30/2024
1679,12/2/2023,Basic,14.99,Yes,2/23/2024
1680,5/3/2023,Basic,14.99,No,
1681,1/8/2023,Premium,49.99,No,
1682,5/24/2024,Standard,29.99,No,
1683,3/16/2024,Basic,14.99,No,
1684,6/29/2023,Basic,14.99,No,
1685,5/13/2023,Standard,29.99,No,
1686,1/25/2024,Basic,14.99,No,
1687,6/29/2024,Basic,14.99,No,
1688,12/21/2024,Standard,29.99,No,
1689,8/24/2023,Standard,29.99,No,
1690,5/27/2024,Standard,29.99,No,
1691,7/26/2024,Standard,29.99,Yes,11/18/2024
1692,11/15/2024,Basic,14.99,No,
1693,12/29/2023,Standard,29.99,Yes,3/9/2024
1694,3/15/2023,Standard,29.99,No,
1695,2/11/2024,Basic,14.99,No,
1696,2/13/2023,Standard,29.99,No,
1697,3/22/2024,Premium,49.99,No,
1698,1/20/2023,Standard,29.99,Yes,4/1/2023
1699,4/15/2024,Premium,49.99,Yes,12/31/2024
1700,3/21/2023,Basic,14.99,No,
1701,11/17/2023,Standard,29.99,Yes,12/31/2024
1702,8/12/2024,Standard,29.99,No,
1703,3/15/2024,Basic,14.99,No,
1704,8/10/2024,Standard,29.99,Yes,12/31/2024
1705,2/19/2024,Basic,14.99,No,
1706,12/27/2024,Basic,14.99,No,
1707,10/17/2024,Standard,29.99,No,
1708,3/3/2024,Standard,29.99,No,
1709,10/24/2023,Standard,29.99,No,
1710,4/28/2023,Basic,14.99,No,
1711,2/19/2024,Basic,14.99,Yes,12/31/2024
1712,1/22/2023,Basic,14.99,No,
1713,11/29/2023,Standard,29.99,Yes,2/1/2024
1714,6/25/2023,Standard,29.99,No,
1715,9/24/2024,Standard,29.99,No,
1716,4/16/2024,Basic,14.99,Yes,12/31/2024
1717,12/7/2024,Basic,14.99,No,
1718,1/6/2024,Basic,14.99,No,
1719,4/1/2023,Basic,14.99,No,
1720,3/23/2024,Premium,49.99,No,
1721,4/19/2023,Premium,49.99,Yes,11/9/2024
1722,9/7/2023,Standard,29.99,Yes,12/31/2024
1723,3/22/2024,Basic,14.99,No,
1724,8/26/2024,Basic,14.99,No,
1725,2/15/2024,Standard,29.99,Yes,4/19/2024
1726,6/20/2024,Basic,14.99,No,
1727,3/22/2023,Basic,14.99,No,
1728,2/10/2024,Standard,29.99,No,
1729,11/14/2023,Basic,14.99,Yes,12/31/2024
1730,12/14/2023,Basic,14.99,No,
1731,8/15/2023,Standard,29.99,Yes,3/20/2024
1732,12/8/2023,Standard,29.99,Yes,3/12/2024
1733,6/22/2023,Standard,29.99,No,
1734,3/20/2023,Standard,29.99,No,
1735,6/6/2024,Premium,49.99,Yes,12/31/2024
1736,10/10/2024,Basic,14.99,No,
1737,4/27/2023,Basic,14.99,No,
1738,6/27/2024,Standard,29.99,No,
1739,6/6/2024,Premium,49.99,No,
1740,7/18/2023,Standard,29.99,No,
1741,12/24/2023,Premium,49.99,Yes,12/31/2024
1742,12/26/2023,Basic,14.99,Yes,10/17/2024
1743,10/22/2024,Basic,14.99,No,
1744,6/1/2023,Basic,14.99,Yes,12/31/2024
1745,8/30/2023,Basic,14.99,No,
1746,4/16/2023,Basic,14.99,No,
1747,5/30/2023,Premium,49.99,No,
1748,9/20/2023,Basic,14.99,No,
1749,7/22/2023,Standard,29.99,No,
1750,6/27/2023,Standard,29.99,No,
1751,9/8/2024,Standard,29.99,No,
1752,6/6/2023,Premium,49.99,No,
1753,11/2/2024,Standard,29.99,Yes,12/31/2024
1754,3/19/2023,Basic,14.99,No,
1755,7/1/2023,Premium,49.99,No,
1756,10/5/2024,Basic,14.99,No,
1757,5/20/2024,Standard,29.99,No,
1758,4/20/2024,Standard,29.99,Yes,5/29/2024
1759,7/31/2024,Basic,14.99,No,
1760,8/16/2024,Basic,14.99,No,
1761,4/4/2024,Standard,29.99,No,
1762,11/28/2024,Basic,14.99,No,
1763,8/1/2024,Basic,14.99,No,
1764,10/20/2024,Basic,14.99,Yes,12/31/2024
1765,10/12/2024,Premium,49.99,Yes,12/31/2024
1766,10/1/2024,Basic,14.99,Yes,12/31/2024
1767,11/27/2023,Standard,29.99,Yes,12/31/2024
1768,10/4/2024,Basic,14.99,Yes,12/31/2024
1769,11/20/2023,Standard,29.99,Yes,5/1/2024
1770,6/4/2023,Standard,29.99,No,
1771,3/26/2024,Basic,14.99,No,
1772,3/11/2023,Standard,29.99,Yes,7/10/2023
1773,4/25/2024,Standard,29.99,No,
1774,3/28/2024,Standard,29.99,No,
1775,10/8/2024,Basic,14.99,No,
1776,11/7/2023,Basic,14.99,Yes,12/31/2024
1777,10/9/2023,Standard,29.99,No,
1778,8/28/2024,Basic,14.99,Yes,12/31/2024
1779,2/27/2023,Standard,29.99,Yes,8/29/2024
1780,12/27/2023,Basic,14.99,No,
1781,6/3/2024,Basic,14.99,No,
1782,3/17/2023,Standard,29.99,No,
1783,11/14/2023,Basic,14.99,No,
1784,4/17/2024,Premium,49.99,No,
1785,4/7/2024,Standard,29.99,No,
1786,2/8/2023,Standard,29.99,No,
1787,2/28/2023,Basic,14.99,Yes,6/10/2024
1788,1/13/2024,Premium,49.99,No,
1789,10/21/2023,Premium,49.99,Yes,8/22/2024
1790,3/20/2023,Basic,14.99,No,
1791,10/22/2024,Basic,14.99,No,
1792,4/3/2023,Premium,49.99,Yes,12/16/2024
1793,9/21/2024,Premium,49.99,Yes,12/31/2024
1794,8/31/2024,Premium,49.99,No,
1795,6/3/2024,Premium,49.99,Yes,9/4/2024
1796,1/29/2024,Standard,29.99,No,
1797,4/18/2024,Standard,29.99,No,
1798,8/17/2024,Basic,14.99,Yes,12/31/2024
1799,7/21/2024,Basic,14.99,No,
1800,2/12/2023,Basic,14.99,No,
1801,4/5/2024,Basic,14.99,No,
1802,8/8/2024,Basic,14.99,No,
1803,10/29/2024,Basic,14.99,Yes,12/31/2024
1804,7/12/2023,Basic,14.99,No,
1805,11/26/2023,Basic,14.99,No,
1806,9/11/2024,Standard,29.99,No,
1807,5/2/2024,Basic,14.99,No,
1808,5/28/2024,Basic,14.99,No,
1809,6/4/2023,Basic,14.99,No,
1810,3/5/2023,Premium,49.99,Yes,12/31/2024
1811,4/6/2024,Standard,29.99,No,
1812,4/16/2023,Basic,14.99,No,
1813,12/18/2023,Premium,49.99,Yes,5/21/2024
1814,3/28/2023,Standard,29.99,No,
1815,5/31/2024,Standard,29.99,No,
1816,10/23/2024,Basic,14.99,No,
1817,6/26/2023,Premium,49.99,No,
1818,2/10/2023,Basic,14.99,No,
1819,9/11/2023,Basic,14.99,Yes,2/12/2024
1820,12/25/2024,Standard,29.99,No,
1821,3/24/2024,Basic,14.99,No,
1822,3/25/2024,Basic,14.99,No,
1823,6/20/2024,Standard,29.99,No,
1824,6/19/2024,Standard,29.99,Yes,8/2/2024
1825,9/16/2024,Basic,14.99,No,
1826,6/12/2023,Basic,14.99,No,
1827,1/8/2024,Basic,14.99,No,
1828,1/17/2024,Standard,29.99,No,
1829,10/17/2023,Standard,29.99,No,
1830,2/1/2024,Premium,49.99,No,
1831,2/23/2024,Basic,14.99,No,
1832,12/13/2023,Basic,14.99,Yes,12/17/2024
1833,11/26/2024,Basic,14.99,No,
1834,9/4/2024,Basic,14.99,Yes,12/31/2024
1835,2/23/2023,Basic,14.99,No,
1836,10/8/2024,Basic,14.99,No,
1837,10/24/2024,Basic,14.99,No,
1838,12/9/2023,Standard,29.99,No,
1839,3/9/2023,Standard,29.99,No,
1840,12/4/2023,Basic,14.99,No,
1841,4/7/2023,Basic,14.99,No,
1842,7/25/2024,Basic,14.99,Yes,12/31/2024
1843,11/25/2024,Premium,49.99,No,
1844,1/31/2024,Standard,29.99,No,
1845,10/18/2023,Basic,14.99,Yes,2/8/2024
1846,9/16/2023,Standard,29.99,Yes,12/31/2024
1847,11/3/2024,Standard,29.99,No,
1848,9/9/2024,Premium,49.99,No,
1849,6/3/2023,Standard,29.99,No,
1850,12/8/2023,Standard,29.99,Yes,12/31/2024
1851,3/25/2023,Basic,14.99,No,
1852,8/19/2024,Premium,49.99,No,
1853,11/10/2024,Premium,49.99,Yes,12/31/2024
1854,5/25/2023,Basic,14.99,No,
1855,12/25/2023,Premium,49.99,No,
1856,11/14/2023,Basic,14.99,No,
1857,11/2/2024,Premium,49.99,No,
1858,12/16/2024,Basic,14.99,No,
1859,11/9/2024,Standard,29.99,No,
1860,2/6/2024,Basic,14.99,No,
1861,5/13/2023,Premium,49.99,No,
1862,9/1/2024,Basic,14.99,No,
1863,12/26/2024,Basic,14.99,No,
1864,3/28/2023,Standard,29.99,No,
1865,11/14/2023,Premium,49.99,No,
1866,7/26/2024,Premium,49.99,Yes,12/31/2024
1867,1/21/2024,Basic,14.99,No,
1868,10/20/2024,Standard,29.99,No,
1869,12/3/2023,Basic,14.99,No,
1870,5/11/2023,Premium,49.99,Yes,9/4/2023
1871,11/17/2024,Basic,14.99,No,
1872,12/20/2024,Standard,29.99,Yes,12/31/2024
1873,12/2/2024,Standard,29.99,No,
1874,6/23/2024,Premium,49.99,No,
1875,4/6/2023,Premium,49.99,No,
1876,10/23/2024,Standard,29.99,No,
1877,11/17/2024,Premium,49.99,Yes,12/31/2024
1878,3/9/2024,Basic,14.99,No,
1879,6/4/2024,Premium,49.99,Yes,12/31/2024
1880,1/6/2024,Premium,49.99,Yes,12/31/2024
1881,1/19/2023,Basic,14.99,No,
1882,1/7/2024,Standard,29.99,No,
1883,11/13/2023,Premium,49.99,Yes,2/29/2024
1884,7/4/2023,Basic,14.99,No,
1885,8/8/2023,Standard,29.99,No,
1886,12/16/2023,Premium,49.99,No,
1887,5/12/2024,Standard,29.99,Yes,12/31/2024
1888,7/16/2023,Standard,29.99,No,
1889,8/20/2023,Premium,49.99,No,
1890,5/21/2023,Standard,29.99,No,
1891,6/8/2023,Premium,49.99,No,
1892,3/21/2023,Premium,49.99,No,
1893,10/30/2023,Basic,14.99,No,
1894,4/14/2023,Basic,14.99,No,
1895,6/3/2024,Standard,29.99,No,
1896,7/6/2024,Basic,14.99,No,
1897,6/23/2024,Basic,14.99,Yes,9/26/2024
1898,2/8/2023,Basic,14.99,No,
1899,11/8/2024,Premium,49.99,No,
1900,12/11/2023,Basic,14.99,Yes,1/27/2024
1901,9/24/2024,Standard,29.99,Yes,12/31/2024
1902,5/15/2023,Standard,29.99,No,
1903,9/3/2024,Basic,14.99,No,
1904,1/21/2024,Standard,29.99,Yes,4/29/2024
1905,6/7/2023,Basic,14.99,Yes,12/31/2024
1906,6/16/2023,Basic,14.99,No,
1907,7/5/2023,Premium,49.99,No,
1908,12/10/2024,Basic,14.99,No,
1909,10/1/2024,Standard,29.99,No,
1910,6/19/2023,Premium,49.99,Yes,2/24/2024
1911,3/24/2024,Standard,29.99,No,
1912,2/14/2023,Standard,29.99,Yes,12/18/2024
1913,2/25/2024,Basic,14.99,No,
1914,1/9/2024,Basic,14.99,No,
1915,11/23/2024,Premium,49.99,No,
1916,9/1/2023,Premium,49.99,Yes,10/20/2023
1917,3/30/2024,Premium,49.99,Yes,8/19/2024
1918,9/17/2024,Basic,14.99,Yes,12/18/2024
1919,10/19/2023,Basic,14.99,Yes,12/9/2023
1920,4/4/2024,Premium,49.99,No,
1921,8/28/2023,Standard,29.99,No,
1922,6/30/2024,Premium,49.99,No,
1923,9/2/2023,Standard,29.99,No,
1924,11/13/2023,Basic,14.99,No,
1925,4/25/2024,Premium,49.99,No,
1926,7/18/2023,Standard,29.99,No,
1927,1/12/2024,Basic,14.99,Yes,12/31/2024
1928,11/25/2024,Basic,14.99,Yes,12/31/2024
1929,8/7/2024,Basic,14.99,No,
1930,3/27/2024,Basic,14.99,No,
1931,4/17/2024,Standard,29.99,No,
1932,10/16/2023,Premium,49.99,No,
1933,1/27/2024,Premium,49.99,Yes,5/14/2024
1934,5/29/2024,Premium,49.99,No,
1935,6/24/2024,Standard,29.99,No,
1936,3/4/2024,Standard,29.99,No,
1937,6/15/2023,Basic,14.99,No,
1938,7/24/2023,Premium,49.99,No,
1939,9/11/2024,Basic,14.99,No,
1940,5/22/2023,Basic,14.99,No,
1941,9/14/2023,Standard,29.99,Yes,11/5/2023
1942,2/23/2023,Basic,14.99,No,
1943,10/18/2024,Premium,49.99,No,
1944,5/7/2024,Basic,14.99,Yes,8/13/2024
1945,1/16/2024,Basic,14.99,No,
1946,7/21/2024,Basic,14.99,No,
1947,4/16/2023,Basic,14.99,No,
1948,12/29/2024,Basic,14.99,No,
1949,6/12/2024,Basic,14.99,Yes,12/31/2024
1950,5/8/2023,Premium,49.99,No,
1951,10/19/2023,Premium,49.99,No,
1952,3/27/2023,Standard,29.99,No,
1953,6/14/2023,Premium,49.99,No,
1954,10/7/2023,Premium,49.99,No,
1955,4/5/2024,Standard,29.99,Yes,12/31/2024
1956,6/9/2024,Standard,29.99,No,
1957,5/31/2023,Premium,49.99,No,
1958,3/23/2024,Standard,29.99,No,
1959,4/4/2023,Standard,29.99,Yes,12/15/2024
1960,8/16/2023,Basic,14.99,Yes,11/8/2024
1961,4/6/2024,Basic,14.99,No,
1962,12/24/2023,Basic,14.99,No,
1963,1/28/2023,Premium,49.99,No,
1964,2/29/2024,Basic,14.99,Yes,6/25/2024
1965,2/24/2023,Basic,14.99,No,
1966,2/10/2024,Basic,14.99,No,
1967,5/29/2024,Basic,14.99,No,
1968,1/18/2024,Basic,14.99,No,
1969,8/30/2023,Premium,49.99,Yes,8/11/2024
1970,1/31/2024,Standard,29.99,Yes,12/27/2024
1971,3/25/2023,Basic,14.99,No,
1972,1/19/2024,Standard,29.99,No,
1973,8/18/2023,Standard,29.99,Yes,7/19/2024
1974,1/29/2023,Basic,14.99,No,
1975,11/23/2023,Standard,29.99,No,
1976,4/12/2023,Premium,49.99,Yes,5/26/2023
1977,10/27/2024,Basic,14.99,No,
1978,12/10/2023,Basic,14.99,No,
1979,5/30/2023,Standard,29.99,No,
1980,5/21/2023,Standard,29.99,No,
1981,2/9/2023,Basic,14.99,No,
1982,10/21/2023,Standard,29.99,No,
1983,4/28/2024,Basic,14.99,No,
1984,12/13/2024,Standard,29.99,No,
1985,5/23/2023,Premium,49.99,No,
1986,12/23/2024,Standard,29.99,No,
1987,4/25/2024,Basic,14.99,No,
1988,4/4/2024,Basic,14.99,No,
1989,9/22/2024,Basic,14.99,Yes,12/31/2024
1990,1/6/2023,Standard,29.99,No,
1991,3/23/2023,Basic,14.99,No,
1992,1/20/2023,Basic,14.99,No,
1993,9/20/2023,Standard,29.99,Yes,11/14/2023
1994,8/9/2023,Basic,14.99,No,
1995,6/3/2023,Basic,14.99,No,
1996,7/15/2024,Basic,14.99,No,
1997,9/15/2024,Premium,49.99,No,
1998,6/24/2024,Premium,49.99,No,
1999,3/9/2024,Standard,29.99,No,
2000,4/24/2023,Standard,29.99,No,
2001,10/23/2023,Basic,14.99,Yes,2/16/2024
2002,9/1/2023,Basic,14.99,No,
2003,11/5/2023,Premium,49.99,No,
2004,5/5/2023,Basic,14.99,No,
2005,2/18/2023,Standard,29.99,No,
2006,9/2/2023,Standard,29.99,No,
2007,3/5/2024,Standard,29.99,No,
2008,10/16/2024,Standard,29.99,Yes,12/31/2024
2009,9/29/2024,Basic,14.99,No,
2010,4/13/2024,Standard,29.99,No,
2011,3/6/2023,Basic,14.99,No,
2012,4/24/2023,Standard,29.99,Yes,10/11/2024
2013,5/26/2024,Standard,29.99,No,
2014,9/3/2024,Basic,14.99,No,
2015,7/2/2024,Basic,14.99,No,
2016,1/17/2023,Standard,29.99,No,
2017,10/9/2024,Basic,14.99,Yes,12/31/2024
2018,6/11/2024,Premium,49.99,No,
2019,8/11/2024,Premium,49.99,No,
2020,9/5/2023,Basic,14.99,No,
2021,5/28/2023,Standard,29.99,Yes,7/30/2023
2022,10/26/2023,Basic,14.99,No,
2023,3/15/2024,Basic,14.99,No,
2024,1/2/2023,Standard,29.99,No,
2025,9/21/2024,Standard,29.99,Yes,12/31/2024
2026,12/28/2023,Premium,49.99,No,
2027,9/4/2023,Premium,49.99,No,
2028,8/7/2024,Standard,29.99,Yes,12/31/2024
2029,3/2/2024,Basic,14.99,Yes,12/31/2024
2030,7/11/2023,Standard,29.99,No,
2031,11/11/2024,Basic,14.99,No,
2032,11/15/2024,Basic,14.99,No,
2033,3/29/2023,Premium,49.99,No,
2034,6/20/2024,Premium,49.99,Yes,8/8/2024
2035,1/5/2024,Premium,49.99,No,
2036,3/11/2023,Basic,14.99,No,
2037,6/22/2024,Basic,14.99,No,
2038,7/11/2024,Basic,14.99,No,
2039,6/3/2024,Basic,14.99,No,
2040,6/3/2024,Standard,29.99,No,
2041,7/21/2024,Basic,14.99,No,
2042,1/21/2023,Standard,29.99,No,
2043,2/4/2024,Basic,14.99,No,
2044,4/26/2024,Basic,14.99,Yes,8/29/2024
2045,2/14/2023,Premium,49.99,Yes,4/16/2023
2046,10/12/2024,Premium,49.99,No,
2047,2/1/2024,Standard,29.99,No,
2048,1/18/2024,Basic,14.99,No,
2049,9/17/2023,Standard,29.99,No,
2050,1/17/2023,Premium,49.99,No,
2051,1/1/2024,Basic,14.99,No,
2052,3/11/2023,Standard,29.99,No,
2053,12/20/2023,Basic,14.99,No,
2054,9/4/2023,Basic,14.99,No,
2055,11/3/2024,Premium,49.99,Yes,12/31/2024
2056,10/5/2024,Premium,49.99,No,
2057,4/17/2023,Premium,49.99,No,
2058,8/18/2024,Standard,29.99,No,
2059,12/7/2023,Standard,29.99,No,
2060,5/17/2023,Standard,29.99,No,
2061,2/15/2023,Basic,14.99,No,
2062,12/27/2023,Premium,49.99,Yes,8/19/2024
2063,7/13/2024,Standard,29.99,Yes,11/2/2024
2064,12/13/2023,Basic,14.99,No,
2065,10/20/2024,Standard,29.99,No,
2066,6/29/2023,Basic,14.99,Yes,12/31/2024
2067,12/2/2024,Standard,29.99,Yes,12/31/2024
2068,4/20/2024,Premium,49.99,No,
2069,12/13/2024,Basic,14.99,No,
2070,5/5/2024,Premium,49.99,Yes,12/31/2024
2071,10/8/2024,Premium,49.99,No,
2072,7/6/2023,Basic,14.99,No,
2073,5/19/2023,Basic,14.99,No,
2074,3/6/2023,Standard,29.99,No,
2075,4/13/2024,Basic,14.99,Yes,10/20/2024
2076,2/7/2023,Standard,29.99,No,
2077,10/28/2023,Premium,49.99,No,
2078,7/26/2023,Basic,14.99,No,
2079,2/14/2023,Premium,49.99,Yes,2/17/2024
2080,7/24/2023,Premium,49.99,No,
2081,2/12/2023,Premium,49.99,No,
2082,11/20/2023,Basic,14.99,No,
2083,11/14/2023,Basic,14.99,Yes,12/31/2024
2084,6/11/2024,Premium,49.99,Yes,12/31/2024
2085,2/12/2024,Standard,29.99,No,
2086,7/10/2024,Premium,49.99,No,
2087,4/29/2024,Basic,14.99,No,
2088,9/17/2023,Standard,29.99,No,
2089,2/7/2023,Basic,14.99,No,
2090,10/24/2024,Standard,29.99,Yes,12/31/2024
2091,7/15/2023,Basic,14.99,No,
2092,10/20/2023,Premium,49.99,Yes,2/24/2024
2093,1/1/2024,Premium,49.99,No,
2094,2/18/2023,Premium,49.99,Yes,10/18/2023
2095,11/2/2024,Standard,29.99,No,
2096,12/6/2023,Standard,29.99,No,
2097,10/7/2023,Basic,14.99,Yes,1/24/2024
2098,5/8/2023,Basic,14.99,No,
2099,1/12/2024,Standard,29.99,Yes,6/1/2024
2100,3/23/2024,Premium,49.99,No,
2101,2/14/2024,Standard,29.99,No,
2102,3/26/2024,Basic,14.99,No,
2103,1/31/2024,Standard,29.99,Yes,5/7/2024
2104,12/14/2023,Standard,29.99,Yes,12/31/2024
2105,7/11/2023,Standard,29.99,No,
2106,5/23/2024,Standard,29.99,No,
2107,12/9/2024,Standard,29.99,No,
2108,5/24/2024,Standard,29.99,No,
2109,1/12/2024,Standard,29.99,No,
2110,6/15/2024,Basic,14.99,No,
2111,10/1/2023,Basic,14.99,No,
2112,3/26/2023,Standard,29.99,No,
2113,3/10/2024,Premium,49.99,No,
2114,3/22/2023,Basic,14.99,Yes,7/24/2023
2115,3/16/2024,Premium,49.99,Yes,7/7/2024
2116,9/8/2024,Basic,14.99,No,
2117,7/4/2023,Standard,29.99,No,
2118,7/12/2024,Standard,29.99,No,
2119,10/28/2023,Basic,14.99,Yes,3/5/2024
2120,11/25/2023,Standard,29.99,No,
2121,4/16/2023,Basic,14.99,Yes,6/18/2023
2122,3/23/2023,Premium,49.99,Yes,7/11/2024
2123,12/2/2023,Basic,14.99,No,
2124,11/7/2024,Standard,29.99,No,
2125,10/30/2023,Premium,49.99,Yes,2/28/2024
2126,11/10/2023,Premium,49.99,No,
2127,4/1/2024,Standard,29.99,Yes,6/27/2024
2128,9/9/2024,Basic,14.99,No,
2129,3/12/2024,Standard,29.99,No,
2130,6/20/2023,Basic,14.99,No,
2131,12/7/2024,Basic,14.99,No,
2132,3/30/2024,Premium,49.99,No,
2133,12/26/2023,Standard,29.99,No,
2134,4/2/2024,Basic,14.99,No,
2135,2/13/2023,Premium,49.99,No,
2136,12/28/2023,Standard,29.99,No,
2137,9/21/2024,Premium,49.99,No,
2138,3/21/2024,Standard,29.99,No,
2139,10/9/2023,Premium,49.99,Yes,6/1/2024
2140,10/16/2024,Basic,14.99,No,
2141,2/28/2023,Premium,49.99,Yes,7/14/2024
2142,3/18/2023,Standard,29.99,No,
2143,11/18/2024,Basic,14.99,Yes,12/31/2024
2144,10/14/2024,Basic,14.99,No,
2145,2/20/2024,Premium,49.99,No,
2146,1/8/2024,Standard,29.99,No,
2147,6/9/2024,Basic,14.99,No,
2148,11/26/2024,Premium,49.99,Yes,12/31/2024
2149,6/13/2023,Premium,49.99,No,
2150,2/1/2023,Basic,14.99,No,
2151,5/27/2023,Standard,29.99,No,
2152,9/14/2024,Basic,14.99,No,
2153,11/25/2024,Premium,49.99,Yes,12/31/2024
2154,3/24/2024,Basic,14.99,No,
2155,2/5/2023,Premium,49.99,No,
2156,5/10/2023,Standard,29.99,Yes,11/19/2023
2157,3/10/2023,Basic,14.99,Yes,4/2/2024
2158,8/30/2023,Basic,14.99,No,
2159,10/22/2024,Basic,14.99,No,
2160,1/11/2024,Basic,14.99,No,
2161,1/6/2024,Standard,29.99,No,
2162,1/28/2024,Standard,29.99,No,
2163,8/3/2024,Basic,14.99,No,
2164,2/3/2023,Basic,14.99,Yes,9/17/2023
2165,9/11/2024,Basic,14.99,Yes,12/31/2024
2166,6/7/2023,Basic,14.99,No,
2167,11/26/2024,Standard,29.99,No,
2168,4/5/2024,Basic,14.99,No,
2169,1/15/2024,Premium,49.99,No,
2170,1/16/2024,Standard,29.99,No,
2171,3/30/2024,Basic,14.99,No,
2172,3/20/2023,Basic,14.99,No,
2173,8/10/2024,Basic,14.99,No,
2174,5/21/2023,Premium,49.99,Yes,6/23/2023
2175,6/26/2024,Premium,49.99,No,
2176,1/11/2024,Premium,49.99,Yes,3/3/2024
2177,2/12/2024,Basic,14.99,Yes,6/8/2024
2178,11/18/2023,Basic,14.99,No,
2179,10/27/2024,Basic,14.99,No,
2180,10/13/2023,Standard,29.99,Yes,12/31/2024
2181,9/13/2023,Basic,14.99,No,
2182,4/27/2023,Premium,49.99,Yes,12/31/2024
2183,1/27/2023,Premium,49.99,No,
2184,7/10/2023,Standard,29.99,Yes,2/19/2024
2185,5/26/2024,Standard,29.99,Yes,12/31/2024
2186,6/14/2024,Premium,49.99,No,
2187,2/1/2024,Basic,14.99,No,
2188,7/29/2024,Standard,29.99,Yes,11/28/2024
2189,5/1/2023,Basic,14.99,No,
2190,9/26/2023,Standard,29.99,Yes,11/11/2023
2191,9/24/2023,Basic,14.99,No,
2192,12/21/2024,Standard,29.99,Yes,12/31/2024
2193,4/1/2024,Basic,14.99,No,
2194,8/8/2023,Premium,49.99,No,
2195,9/18/2024,Basic,14.99,Yes,12/12/2024
2196,10/20/2023,Standard,29.99,No,
2197,12/11/2024,Premium,49.99,No,
2198,5/17/2024,Basic,14.99,No,
2199,7/24/2023,Basic,14.99,Yes,7/17/2024
2200,5/6/2023,Basic,14.99,Yes,12/31/2024
2201,5/19/2023,Basic,14.99,No,
2202,3/17/2023,Basic,14.99,No,
2203,4/7/2024,Standard,29.99,No,
2204,6/26/2023,Premium,49.99,Yes,9/15/2024
2205,3/31/2024,Standard,29.99,No,
2206,3/31/2023,Basic,14.99,No,
2207,11/29/2024,Standard,29.99,Yes,12/31/2024
2208,11/24/2023,Standard,29.99,Yes,9/14/2024
2209,11/14/2024,Standard,29.99,Yes,12/31/2024
2210,12/22/2023,Basic,14.99,No,
2211,12/27/2024,Basic,14.99,No,
2212,3/8/2023,Basic,14.99,No,
2213,7/17/2024,Standard,29.99,No,
2214,7/9/2024,Standard,29.99,Yes,10/16/2024
2215,10/25/2023,Basic,14.99,No,
2216,11/4/2023,Standard,29.99,No,
2217,6/11/2023,Basic,14.99,No,
2218,12/29/2024,Standard,29.99,No,
2219,12/27/2024,Premium,49.99,No,
2220,12/18/2024,Premium,49.99,Yes,12/31/2024
2221,10/15/2024,Basic,14.99,No,
2222,6/28/2023,Basic,14.99,No,
2223,1/6/2024,Basic,14.99,Yes,12/31/2024
2224,6/4/2024,Standard,29.99,No,
2225,8/18/2023,Basic,14.99,No,
2226,5/5/2023,Premium,49.99,No,
2227,7/25/2023,Standard,29.99,Yes,12/29/2023
2228,5/23/2023,Basic,14.99,No,
2229,8/31/2023,Basic,14.99,No,
2230,5/20/2024,Premium,49.99,No,
2231,1/27/2023,Standard,29.99,No,
2232,1/5/2024,Standard,29.99,No,
2233,7/21/2024,Premium,49.99,Yes,12/31/2024
2234,8/9/2024,Standard,29.99,No,
2235,1/13/2024,Standard,29.99,No,
2236,4/23/2024,Basic,14.99,Yes,12/31/2024
2237,7/18/2024,Premium,49.99,Yes,12/31/2024
2238,5/13/2023,Premium,49.99,No,
2239,9/18/2024,Standard,29.99,No,
2240,3/30/2023,Standard,29.99,No,
2241,3/9/2023,Standard,29.99,Yes,8/11/2023
2242,11/13/2023,Standard,29.99,No,
2243,2/12/2024,Basic,14.99,No,
2244,5/5/2024,Standard,29.99,No,
2245,6/22/2024,Standard,29.99,No,
2246,2/25/2024,Standard,29.99,Yes,12/31/2024
2247,2/24/2024,Standard,29.99,No,
2248,8/11/2024,Standard,29.99,No,
2249,3/17/2023,Standard,29.99,No,
2250,5/9/2023,Basic,14.99,Yes,7/18/2024
2251,11/21/2023,Basic,14.99,Yes,12/31/2024
2252,10/19/2024,Basic,14.99,No,
2253,3/17/2023,Basic,14.99,No,
2254,4/5/2024,Premium,49.99,Yes,12/31/2024
2255,4/22/2024,Premium,49.99,No,
2256,11/27/2024,Basic,14.99,No,
2257,6/13/2024,Basic,14.99,No,
2258,12/19/2023,Standard,29.99,Yes,12/31/2024
2259,5/12/2023,Premium,49.99,No,
2260,7/18/2024,Basic,14.99,No,
2261,10/17/2024,Basic,14.99,No,
2262,8/24/2024,Standard,29.99,Yes,12/31/2024
2263,7/6/2023,Basic,14.99,No,
2264,5/13/2023,Basic,14.99,Yes,12/31/2024
2265,3/19/2024,Standard,29.99,No,
2266,5/29/2024,Basic,14.99,No,
2267,2/26/2023,Standard,29.99,No,
2268,5/8/2023,Basic,14.99,No,
2269,6/14/2024,Standard,29.99,No,
2270,6/6/2023,Standard,29.99,No,
2271,11/8/2023,Basic,14.99,No,
2272,6/18/2023,Basic,14.99,Yes,4/21/2024
2273,6/15/2023,Basic,14.99,No,
2274,11/27/2023,Basic,14.99,No,
2275,12/27/2024,Standard,29.99,No,
2276,8/19/2023,Standard,29.99,Yes,2/16/2024
2277,12/21/2023,Basic,14.99,No,
2278,6/15/2024,Premium,49.99,No,
2279,10/18/2023,Standard,29.99,No,
2280,3/22/2023,Premium,49.99,Yes,12/31/2024
2281,9/14/2023,Standard,29.99,No,
2282,7/21/2023,Basic,14.99,No,
2283,10/12/2024,Basic,14.99,No,
2284,7/18/2024,Basic,14.99,No,
2285,10/9/2023,Premium,49.99,Yes,1/5/2024
2286,5/9/2023,Standard,29.99,Yes,6/18/2023
2287,10/2/2024,Premium,49.99,No,
2288,11/7/2023,Premium,49.99,No,
2289,9/21/2024,Basic,14.99,Yes,12/31/2024
2290,6/30/2024,Basic,14.99,No,
2291,4/6/2023,Basic,14.99,No,
2292,5/29/2024,Basic,14.99,No,
2293,10/18/2024,Basic,14.99,No,
2294,6/22/2023,Premium,49.99,Yes,12/31/2024
2295,8/29/2024,Standard,29.99,Yes,12/31/2024
2296,8/17/2024,Basic,14.99,No,
2297,6/7/2023,Basic,14.99,Yes,9/2/2023
2298,6/25/2023,Standard,29.99,Yes,4/8/2024
2299,11/5/2024,Basic,14.99,Yes,12/31/2024
2300,10/1/2024,Basic,14.99,Yes,12/31/2024
2301,9/11/2024,Standard,29.99,No,
2302,12/12/2023,Standard,29.99,No,
2303,7/31/2024,Basic,14.99,Yes,12/31/2024
2304,2/12/2023,Standard,29.99,Yes,11/19/2023
2305,1/30/2023,Basic,14.99,Yes,11/4/2023
2306,3/25/2023,Basic,14.99,Yes,12/31/2024
2307,2/16/2023,Basic,14.99,No,
2308,10/18/2024,Premium,49.99,No,
2309,8/13/2024,Standard,29.99,No,
2310,9/29/2023,Basic,14.99,No,
2311,10/28/2024,Standard,29.99,No,
2312,8/4/2023,Premium,49.99,Yes,12/31/2024
2313,8/8/2024,Basic,14.99,Yes,10/5/2024
2314,3/2/2024,Standard,29.99,No,
2315,9/24/2024,Basic,14.99,No,
2316,10/16/2024,Basic,14.99,No,
2317,2/1/2023,Standard,29.99,Yes,10/13/2023
2318,5/24/2024,Standard,29.99,No,
2319,10/4/2024,Standard,29.99,Yes,11/22/2024
2320,7/12/2024,Premium,49.99,No,
2321,10/24/2023,Basic,14.99,No,
2322,10/19/2024,Standard,29.99,No,
2323,11/6/2023,Premium,49.99,No,
2324,5/9/2024,Standard,29.99,Yes,12/31/2024
2325,9/8/2023,Basic,14.99,No,
2326,12/2/2024,Basic,14.99,No,
2327,2/20/2024,Premium,49.99,No,
2328,11/1/2023,Basic,14.99,No,
2329,4/9/2024,Premium,49.99,No,
2330,3/16/2023,Basic,14.99,Yes,7/18/2024
2331,12/6/2024,Basic,14.99,Yes,12/31/2024
2332,3/3/2023,Standard,29.99,No,
2333,6/11/2023,Basic,14.99,No,
2334,3/26/2024,Standard,29.99,Yes,12/31/2024
2335,3/1/2024,Basic,14.99,No,
2336,5/10/2024,Basic,14.99,No,
2337,4/20/2024,Standard,29.99,No,
2338,7/28/2023,Standard,29.99,No,
2339,12/15/2023,Basic,14.99,No,
2340,9/13/2024,Standard,29.99,No,
2341,5/28/2023,Basic,14.99,No,
2342,11/17/2023,Standard,29.99,No,
2343,11/23/2023,Basic,14.99,Yes,1/13/2024
2344,12/20/2023,Basic,14.99,No,
2345,2/13/2024,Basic,14.99,Yes,12/31/2024
2346,5/14/2023,Basic,14.99,No,
2347,1/15/2024,Standard,29.99,No,
2348,6/11/2024,Basic,14.99,No,
2349,7/29/2024,Premium,49.99,No,
2350,4/19/2023,Basic,14.99,No,
2351,11/23/2023,Basic,14.99,No,
2352,9/5/2023,Standard,29.99,Yes,12/31/2024
2353,4/22/2024,Premium,49.99,No,
2354,5/6/2023,Basic,14.99,No,
2355,10/1/2023,Basic,14.99,Yes,8/8/2024
2356,4/5/2024,Basic,14.99,No,
2357,9/11/2023,Standard,29.99,No,
2358,5/25/2023,Standard,29.99,Yes,4/12/2024
2359,4/10/2023,Standard,29.99,No,
2360,2/21/2023,Basic,14.99,Yes,8/3/2023
2361,10/25/2023,Premium,49.99,No,
2362,1/29/2024,Standard,29.99,No,
2363,9/22/2024,Standard,29.99,Yes,12/31/2024
2364,3/4/2024,Premium,49.99,No,
2365,9/12/2023,Premium,49.99,No,
2366,6/13/2023,Standard,29.99,No,
2367,12/2/2023,Basic,14.99,No,
2368,8/14/2024,Basic,14.99,No,
2369,11/17/2023,Basic,14.99,No,
2370,7/14/2023,Basic,14.99,Yes,8/22/2024
2371,6/13/2023,Standard,29.99,No,
2372,5/25/2024,Standard,29.99,Yes,12/31/2024
2373,6/11/2024,Standard,29.99,No,
2374,4/23/2024,Basic,14.99,No,
2375,5/25/2024,Premium,49.99,No,
2376,11/12/2023,Basic,14.99,No,
2377,5/24/2024,Premium,49.99,Yes,12/31/2024
2378,1/24/2023,Basic,14.99,No,
2379,4/3/2023,Basic,14.99,No,
2380,2/7/2024,Basic,14.99,No,
2381,6/1/2024,Standard,29.99,Yes,11/20/2024
2382,4/13/2024,Basic,14.99,Yes,7/25/2024
2383,9/4/2023,Basic,14.99,No,
2384,8/9/2023,Basic,14.99,No,
2385,8/20/2024,Premium,49.99,No,
2386,12/28/2023,Basic,14.99,No,
2387,2/19/2023,Standard,29.99,No,
2388,2/21/2023,Basic,14.99,Yes,9/15/2024
2389,10/16/2023,Standard,29.99,Yes,12/11/2023
2390,5/21/2024,Premium,49.99,No,
2391,9/3/2024,Standard,29.99,No,
2392,10/31/2024,Premium,49.99,No,
2393,11/19/2024,Basic,14.99,No,
2394,4/26/2024,Premium,49.99,No,
2395,10/20/2023,Basic,14.99,No,
2396,7/3/2024,Premium,49.99,No,
2397,1/9/2023,Premium,49.99,Yes,5/12/2023
2398,4/21/2023,Basic,14.99,No,
2399,3/17/2024,Standard,29.99,No,
2400,5/18/2023,Basic,14.99,No,
2401,9/28/2023,Basic,14.99,Yes,5/22/2024
2402,1/10/2024,Basic,14.99,No,
2403,2/17/2024,Standard,29.99,No,
2404,1/10/2024,Basic,14.99,No,
2405,2/16/2023,Standard,29.99,No,
2406,2/15/2024,Standard,29.99,Yes,8/25/2024
2407,2/22/2023,Basic,14.99,No,
2408,8/6/2024,Basic,14.99,No,
2409,7/29/2024,Standard,29.99,No,
2410,7/19/2023,Basic,14.99,Yes,12/19/2023
2411,1/7/2024,Premium,49.99,No,
2412,7/20/2024,Standard,29.99,No,
2413,10/23/2023,Basic,14.99,No,
2414,3/17/2023,Standard,29.99,Yes,5/25/2024
2415,1/31/2024,Basic,14.99,No,
2416,5/31/2024,Premium,49.99,Yes,12/31/2024
2417,4/6/2024,Standard,29.99,No,
2418,7/17/2024,Premium,49.99,No,
2419,10/14/2023,Basic,14.99,No,
2420,9/30/2024,Basic,14.99,No,
2421,11/27/2024,Premium,49.99,No,
2422,9/17/2024,Basic,14.99,Yes,11/14/2024
2423,5/2/2023,Standard,29.99,Yes,3/29/2024
2424,5/12/2023,Basic,14.99,No,
2425,4/10/2023,Basic,14.99,No,
2426,2/8/2024,Standard,29.99,No,
2427,1/18/2024,Standard,29.99,No,
2428,12/14/2023,Premium,49.99,No,
2429,7/25/2024,Basic,14.99,No,
2430,1/10/2024,Standard,29.99,No,
2431,5/28/2023,Standard,29.99,No,
2432,7/23/2023,Premium,49.99,No,
2433,9/8/2024,Standard,29.99,No,
2434,6/5/2024,Premium,49.99,No,
2435,2/16/2024,Basic,14.99,No,
2436,5/27/2024,Basic,14.99,No,
2437,2/11/2023,Basic,14.99,No,
2438,2/16/2023,Premium,49.99,No,
2439,2/9/2023,Basic,14.99,No,
2440,5/21/2023,Standard,29.99,No,
2441,12/8/2023,Basic,14.99,Yes,12/31/2024
2442,4/30/2024,Standard,29.99,Yes,12/31/2024
2443,6/15/2024,Standard,29.99,No,
2444,4/12/2024,Standard,29.99,No,
2445,6/2/2023,Premium,49.99,No,
2446,9/12/2024,Standard,29.99,No,
2447,6/11/2024,Standard,29.99,Yes,12/31/2024
2448,5/24/2023,Basic,14.99,No,
2449,12/2/2023,Basic,14.99,Yes,12/31/2024
2450,9/19/2024,Basic,14.99,No,
2451,11/23/2023,Premium,49.99,No,
2452,6/16/2023,Premium,49.99,No,
2453,2/7/2024,Basic,14.99,No,
2454,9/23/2024,Standard,29.99,No,
2455,11/3/2023,Basic,14.99,No,
2456,8/30/2024,Basic,14.99,Yes,10/9/2024
2457,12/11/2023,Premium,49.99,No,
2458,6/3/2024,Standard,29.99,No,
2459,6/5/2024,Basic,14.99,No,
2460,6/29/2024,Basic,14.99,No,
2461,5/16/2024,Standard,29.99,Yes,6/29/2024
2462,12/26/2024,Standard,29.99,No,
2463,7/30/2024,Basic,14.99,No,
2464,11/3/2023,Standard,29.99,No,
2465,5/1/2024,Premium,49.99,No,
2466,1/18/2023,Basic,14.99,No,
2467,1/13/2024,Basic,14.99,Yes,12/31/2024
2468,12/6/2023,Basic,14.99,No,
2469,11/20/2024,Basic,14.99,No,
2470,4/23/2023,Standard,29.99,No,
2471,3/2/2024,Basic,14.99,No,
2472,8/20/2024,Premium,49.99,No,
2473,11/12/2023,Standard,29.99,No,
2474,12/5/2024,Basic,14.99,No,
2475,10/6/2024,Premium,49.99,Yes,12/31/2024
2476,1/28/2023,Standard,29.99,No,
2477,9/3/2024,Basic,14.99,No,
2478,4/30/2024,Basic,14.99,No,
2479,9/29/2023,Basic,14.99,No,
2480,11/2/2024,Basic,14.99,No,
2481,8/15/2024,Standard,29.99,No,
2482,8/14/2024,Standard,29.99,No,
2483,8/22/2023,Standard,29.99,Yes,11/29/2023
2484,2/22/2023,Basic,14.99,Yes,7/21/2023
2485,8/20/2024,Standard,29.99,No,
2486,5/6/2024,Premium,49.99,No,
2487,6/24/2023,Basic,14.99,Yes,10/28/2024
2488,6/20/2024,Premium,49.99,No,
2489,10/6/2024,Basic,14.99,No,
2490,9/26/2024,Standard,29.99,No,
2491,1/25/2024,Standard,29.99,No,
2492,6/1/2023,Standard,29.99,No,
2493,11/28/2024,Standard,29.99,No,
2494,9/6/2023,Premium,49.99,No,
2495,2/2/2023,Basic,14.99,No,
2496,8/9/2024,Basic,14.99,No,
2497,12/18/2024,Standard,29.99,No,
2498,4/23/2023,Basic,14.99,No,
2499,7/15/2023,Basic,14.99,No,
2500,1/20/2023,Premium,49.99,No,
